#! /usr/bin/vvp
:ivl_version "12.0 (stable)";
:ivl_delay_selection "TYPICAL";
:vpi_time_precision - 12;
:vpi_module "/usr/lib/x86_64-linux-gnu/ivl/system.vpi";
:vpi_module "/usr/lib/x86_64-linux-gnu/ivl/vhdl_sys.vpi";
:vpi_module "/usr/lib/x86_64-linux-gnu/ivl/vhdl_textio.vpi";
:vpi_module "/usr/lib/x86_64-linux-gnu/ivl/v2005_math.vpi";
:vpi_module "/usr/lib/x86_64-linux-gnu/ivl/va_math.vpi";
S_0x558b2c6f5f90 .scope module, "bench" "bench" 2 2;
 .timescale -9 -12;
P_0x558b2c73e550 .param/l "c_BIT_PERIOD" 0 2 7, +C4<00000000000000000100001111010001>;
P_0x558b2c73e590 .param/l "tck" 0 2 6, +C4<00000000000000000000000000101000>;
v0x558b2c76c190_0 .var "CLK", 0 0;
v0x558b2c76c250_0 .net "LEDS", 0 0, v0x558b2c76a280_0;  1 drivers
v0x558b2c76c310_0 .var "RESET", 0 0;
v0x558b2c76c3b0_0 .var "RXD", 0 0;
v0x558b2c76c450_0 .net "TXD", 0 0, v0x558b2c769b30_0;  1 drivers
v0x558b2c76c540_0 .var/i "idx", 31 0;
v0x558b2c76c5e0_0 .var "prev_LEDS", 4 0;
S_0x558b2c6fc200 .scope task, "UART_WRITE_BYTE" "UART_WRITE_BYTE" 2 19, 2 19 0, S_0x558b2c6f5f90;
 .timescale -9 -12;
v0x558b2c721c70_0 .var "i_Data", 7 0;
v0x558b2c71d040_0 .var/i "ii", 31 0;
TD_bench.UART_WRITE_BYTE ;
    %pushi/vec4 0, 0, 1;
    %assign/vec4 v0x558b2c76c3b0_0, 0;
    %delay 17361000, 0;
    %delay 1000000, 0;
    %pushi/vec4 0, 0, 32;
    %store/vec4 v0x558b2c71d040_0, 0, 32;
T_0.0 ;
    %load/vec4 v0x558b2c71d040_0;
    %cmpi/s 8, 0, 32;
    %jmp/0xz T_0.1, 5;
    %load/vec4 v0x558b2c721c70_0;
    %load/vec4 v0x558b2c71d040_0;
    %part/s 1;
    %assign/vec4 v0x558b2c76c3b0_0, 0;
    %delay 17361000, 0;
    %load/vec4 v0x558b2c71d040_0;
    %addi 1, 0, 32;
    %store/vec4 v0x558b2c71d040_0, 0, 32;
    %jmp T_0.0;
T_0.1 ;
    %pushi/vec4 1, 0, 1;
    %assign/vec4 v0x558b2c76c3b0_0, 0;
    %delay 17361000, 0;
    %end;
S_0x558b2c704ae0 .scope module, "uut" "SOC" 2 44, 3 2 0, S_0x558b2c6f5f90;
 .timescale -9 -12;
    .port_info 0 /INPUT 1 "clk";
    .port_info 1 /INPUT 1 "resetn";
    .port_info 2 /OUTPUT 1 "LEDS";
    .port_info 3 /INPUT 1 "RXD";
    .port_info 4 /OUTPUT 1 "TXD";
L_0x558b2c78c6a0 .functor BUFZ 1, L_0x558b2c78af30, C4<0>, C4<0>, C4<0>;
L_0x558b2c78cc90 .functor AND 1, L_0x558b2c78cbf0, L_0x558b2c78c6a0, C4<1>, C4<1>;
L_0x558b2c78cf20 .functor AND 4, L_0x558b2c78cda0, L_0x558b2c78bae0, C4<1111>, C4<1111>;
v0x558b2c76ad70_0 .net "LEDS", 0 0, v0x558b2c76a280_0;  alias, 1 drivers
v0x558b2c76ae60_0 .net "RAM_rdata", 31 0, v0x558b2c7524e0_0;  1 drivers
v0x558b2c76af30_0 .net "RXD", 0 0, v0x558b2c76c3b0_0;  1 drivers
v0x558b2c76b000_0 .net "TXD", 0 0, v0x558b2c769b30_0;  alias, 1 drivers
v0x558b2c76b0f0_0 .net *"_ivl_13", 0 0, L_0x558b2c78cd00;  1 drivers
v0x558b2c76b1e0_0 .net *"_ivl_14", 3 0, L_0x558b2c78cda0;  1 drivers
v0x558b2c76b2c0_0 .net *"_ivl_9", 0 0, L_0x558b2c78cbf0;  1 drivers
v0x558b2c76b3a0_0 .net "bcd2bin_dout", 31 0, v0x558b2c75b1c0_0;  1 drivers
v0x558b2c76b460_0 .net "bin2bcd_dout", 31 0, v0x558b2c764850_0;  1 drivers
v0x558b2c76b500_0 .net "clk", 0 0, v0x558b2c76c190_0;  1 drivers
v0x558b2c76b5a0_0 .var "cs", 7 0;
o0x7f1d42ba5fc8 .functor BUFZ 32, C4<zzzzzzzzzzzzzzzzzzzzzzzzzzzzzzzz>; HiZ drive
v0x558b2c76b660_0 .net "div_dout", 31 0, o0x7f1d42ba5fc8;  0 drivers
v0x558b2c76b740_0 .net "mem_addr", 31 0, L_0x558b2c782500;  1 drivers
v0x558b2c76b800_0 .var "mem_rdata", 31 0;
v0x558b2c76b8c0_0 .net "mem_rstrb", 0 0, L_0x558b2c78af30;  1 drivers
v0x558b2c76b960_0 .net "mem_wdata", 31 0, L_0x558b2c784c60;  1 drivers
v0x558b2c76ba00_0 .net "mem_wmask", 3 0, L_0x558b2c78bae0;  1 drivers
v0x558b2c76bbe0_0 .net "rd", 0 0, L_0x558b2c78c6a0;  1 drivers
v0x558b2c76bc80_0 .net "resetn", 0 0, v0x558b2c76c310_0;  1 drivers
o0x7f1d42ba5ff8 .functor BUFZ 32, C4<zzzzzzzzzzzzzzzzzzzzzzzzzzzzzzzz>; HiZ drive
v0x558b2c76bd50_0 .net "sqrt_dout", 31 0, o0x7f1d42ba5ff8;  0 drivers
v0x558b2c76bdf0_0 .net "test_dout", 31 0, v0x558b2c767390_0;  1 drivers
v0x558b2c76bee0_0 .net "uart_dout", 31 0, v0x558b2c76a1c0_0;  1 drivers
v0x558b2c76bfb0_0 .net "wr", 0 0, L_0x558b2c78c600;  1 drivers
E_0x558b2c5d8540/0 .event anyedge, v0x558b2c76b5a0_0, v0x558b2c75b1c0_0, v0x558b2c76a1c0_0, v0x558b2c76bd50_0;
E_0x558b2c5d8540/1 .event anyedge, v0x558b2c767390_0, v0x558b2c76b660_0, v0x558b2c764850_0, v0x558b2c7524e0_0;
E_0x558b2c5d8540 .event/or E_0x558b2c5d8540/0, E_0x558b2c5d8540/1;
E_0x558b2c5d9e00 .event anyedge, v0x558b2c749240_0;
L_0x558b2c78c600 .reduce/or L_0x558b2c78bae0;
L_0x558b2c78cbf0 .part v0x558b2c76b5a0_0, 0, 1;
L_0x558b2c78cd00 .part v0x558b2c76b5a0_0, 0, 1;
L_0x558b2c78cda0 .concat [ 1 1 1 1], L_0x558b2c78cd00, L_0x558b2c78cd00, L_0x558b2c78cd00, L_0x558b2c78cd00;
L_0x558b2c78d390 .reduce/nor v0x558b2c76c310_0;
L_0x558b2c78d480 .part v0x558b2c76b5a0_0, 5, 1;
L_0x558b2c78d520 .part L_0x558b2c782500, 0, 5;
L_0x558b2c78eb90 .reduce/nor v0x558b2c76c310_0;
L_0x558b2c78ecc0 .part L_0x558b2c784c60, 0, 16;
L_0x558b2c78ed90 .part v0x558b2c76b5a0_0, 1, 1;
L_0x558b2c78eef0 .part L_0x558b2c782500, 0, 5;
L_0x558b2c790900 .reduce/nor v0x558b2c76c310_0;
L_0x558b2c7909a0 .part L_0x558b2c784c60, 0, 20;
L_0x558b2c790a70 .part v0x558b2c76b5a0_0, 7, 1;
L_0x558b2c790b40 .part L_0x558b2c782500, 0, 5;
L_0x558b2c790fb0 .reduce/nor v0x558b2c76c310_0;
L_0x558b2c7910a0 .part L_0x558b2c784c60, 0, 16;
L_0x558b2c791140 .part v0x558b2c76b5a0_0, 3, 1;
L_0x558b2c791280 .part L_0x558b2c782500, 0, 5;
S_0x558b2c7054b0 .scope module, "CPU" "FemtoRV32" 3 22, 4 2 0, S_0x558b2c704ae0;
 .timescale -9 -12;
    .port_info 0 /INPUT 1 "clk";
    .port_info 1 /OUTPUT 32 "mem_addr";
    .port_info 2 /OUTPUT 32 "mem_wdata";
    .port_info 3 /OUTPUT 4 "mem_wmask";
    .port_info 4 /INPUT 32 "mem_rdata";
    .port_info 5 /OUTPUT 1 "mem_rstrb";
    .port_info 6 /INPUT 1 "mem_rbusy";
    .port_info 7 /INPUT 1 "mem_wbusy";
    .port_info 8 /INPUT 1 "reset";
P_0x558b2c740d90 .param/l "ADDR_PAD" 1 4 33, C4<00000000>;
P_0x558b2c740dd0 .param/l "ADDR_WIDTH" 0 4 25, +C4<00000000000000000000000000011000>;
P_0x558b2c740e10 .param/l "EXECUTE" 1 4 48, +C4<0000000000000000000000000000000100>;
P_0x558b2c740e50 .param/l "EXECUTE_bit" 1 4 42, +C4<00000000000000000000000000000010>;
P_0x558b2c740e90 .param/l "FETCH_INSTR" 1 4 46, +C4<00000000000000000000000000000001>;
P_0x558b2c740ed0 .param/l "FETCH_INSTR_bit" 1 4 40, +C4<00000000000000000000000000000000>;
P_0x558b2c740f10 .param/l "NB_STATES" 1 4 44, +C4<00000000000000000000000000000100>;
P_0x558b2c740f50 .param/l "RESET_ADDR" 0 4 30, C4<00000000000000000000000000000000>;
P_0x558b2c740f90 .param/l "WAIT_ALU_OR_MEM" 1 4 49, +C4<00000000000000000000000000000001000>;
P_0x558b2c740fd0 .param/l "WAIT_ALU_OR_MEM_bit" 1 4 43, +C4<00000000000000000000000000000011>;
P_0x558b2c741010 .param/l "WAIT_INSTR" 1 4 47, +C4<000000000000000000000000000000010>;
P_0x558b2c741050 .param/l "WAIT_INSTR_bit" 1 4 41, +C4<00000000000000000000000000000001>;
L_0x558b2c780600 .functor OR 1, L_0x558b2c77f160, L_0x558b2c77f7d0, C4<0>, C4<0>;
L_0x558b2c780710 .functor BUFZ 32, v0x558b2c751c40_0, C4<00000000000000000000000000000000>, C4<00000000000000000000000000000000>, C4<00000000000000000000000000000000>;
L_0x558b2c780780 .functor OR 1, L_0x558b2c77f7d0, L_0x558b2c77fbb0, C4<0>, C4<0>;
L_0x558b2c780b10 .functor NOT 32, L_0x558b2c780840, C4<00000000000000000000000000000000>, C4<00000000000000000000000000000000>, C4<00000000000000000000000000000000>;
L_0x558b2c780cc0 .functor XOR 1, L_0x558b2c780f00, L_0x558b2c780fa0, C4<0>, C4<0>;
L_0x558b2c782070 .functor OR 1, L_0x558b2c781db0, L_0x558b2c781e50, C4<0>, C4<0>;
L_0x558b2c783820 .functor AND 1, L_0x558b2c783370, L_0x558b2c783730, C4<1>, C4<1>;
L_0x558b2c7852e0 .functor OR 1, L_0x558b2c785670, L_0x558b2c785760, C4<0>, C4<0>;
L_0x558b2c77dbe0 .functor AND 1, L_0x558b2c7854e0, L_0x558b2c785580, C4<1>, C4<1>;
L_0x558b2c786140 .functor OR 32, L_0x558b2c785a30, L_0x558b2c785fb0, C4<00000000000000000000000000000000>, C4<00000000000000000000000000000000>;
L_0x558b2c786650 .functor OR 32, L_0x558b2c786140, L_0x558b2c786a40, C4<00000000000000000000000000000000>, C4<00000000000000000000000000000000>;
L_0x558b2c786800 .functor XOR 32, L_0x558b2c780710, L_0x558b2c780840, C4<00000000000000000000000000000000>, C4<00000000000000000000000000000000>;
L_0x558b2c786b30 .functor OR 32, L_0x558b2c786650, L_0x558b2c786ee0, C4<00000000000000000000000000000000>, C4<00000000000000000000000000000000>;
L_0x558b2c786df0 .functor OR 32, L_0x558b2c780710, L_0x558b2c780840, C4<00000000000000000000000000000000>, C4<00000000000000000000000000000000>;
L_0x558b2c787020 .functor OR 32, L_0x558b2c786b30, L_0x558b2c787390, C4<00000000000000000000000000000000>, C4<00000000000000000000000000000000>;
L_0x558b2c7871d0 .functor AND 32, L_0x558b2c780710, L_0x558b2c780840, C4<11111111111111111111111111111111>, C4<11111111111111111111111111111111>;
L_0x558b2c7874d0 .functor OR 32, L_0x558b2c787020, L_0x558b2c7878e0, C4<00000000000000000000000000000000>, C4<00000000000000000000000000000000>;
L_0x558b2c787720 .functor OR 32, L_0x558b2c7874d0, L_0x558b2c7875e0, C4<00000000000000000000000000000000>, C4<00000000000000000000000000000000>;
L_0x558b2c787fe0 .functor OR 1, L_0x558b2c77fbb0, L_0x558b2c77f5d0, C4<0>, C4<0>;
L_0x558b2c788230 .functor NOT 1, L_0x558b2c787fe0, C4<0>, C4<0>, C4<0>;
L_0x558b2c788440 .functor OR 1, L_0x558b2c787d90, L_0x558b2c7889c0, C4<0>, C4<0>;
L_0x558b2c788500 .functor AND 1, L_0x558b2c788230, L_0x558b2c788440, C4<1>, C4<1>;
L_0x558b2c788f00 .functor OR 32, L_0x558b2c7886d0, L_0x558b2c788910, C4<00000000000000000000000000000000>, C4<00000000000000000000000000000000>;
L_0x558b2c7891a0 .functor OR 32, L_0x558b2c788f00, L_0x558b2c789010, C4<00000000000000000000000000000000>, C4<00000000000000000000000000000000>;
L_0x558b2c788bf0 .functor OR 32, L_0x558b2c7891a0, L_0x558b2c788a60, C4<00000000000000000000000000000000>, C4<00000000000000000000000000000000>;
L_0x558b2c788d00 .functor OR 1, L_0x558b2c77fde0, L_0x558b2c780020, C4<0>, C4<0>;
L_0x558b2c7895b0 .functor OR 32, L_0x558b2c788bf0, L_0x558b2c789420, C4<00000000000000000000000000000000>, C4<00000000000000000000000000000000>;
L_0x558b2c789850 .functor OR 32, L_0x558b2c7895b0, L_0x558b2c7896c0, C4<00000000000000000000000000000000>, C4<00000000000000000000000000000000>;
L_0x558b2c789f80 .functor AND 1, L_0x558b2c789ee0, L_0x558b2c7816d0, C4<1>, C4<1>;
L_0x558b2c789a10 .functor AND 1, L_0x558b2c78a040, L_0x558b2c789970, C4<1>, C4<1>;
L_0x558b2c789c20 .functor OR 1, L_0x558b2c789f80, L_0x558b2c789a10, C4<0>, C4<0>;
L_0x558b2c789dd0 .functor AND 1, L_0x558b2c789d30, L_0x558b2c781240, C4<1>, C4<1>;
L_0x558b2c788e60 .functor OR 1, L_0x558b2c789c20, L_0x558b2c789dd0, C4<0>, C4<0>;
L_0x558b2c78a0e0 .functor AND 1, L_0x558b2c78a6e0, L_0x558b2c78a780, C4<1>, C4<1>;
L_0x558b2c78a2c0 .functor OR 1, L_0x558b2c788e60, L_0x558b2c78a0e0, C4<0>, C4<0>;
L_0x558b2c78a470 .functor AND 1, L_0x558b2c78a3d0, L_0x558b2c781780, C4<1>, C4<1>;
L_0x558b2c78a660 .functor OR 1, L_0x558b2c78a2c0, L_0x558b2c78a470, C4<0>, C4<0>;
L_0x558b2c78add0 .functor AND 1, L_0x558b2c78a1f0, L_0x558b2c78ad30, C4<1>, C4<1>;
L_0x558b2c78a530 .functor OR 1, L_0x558b2c78a660, L_0x558b2c78add0, C4<0>, C4<0>;
L_0x558b2c78bcb0 .functor AND 1, L_0x558b2c78b4c0, L_0x558b2c77f250, C4<1>, C4<1>;
L_0x558b2c78af30 .functor OR 1, L_0x558b2c78bcb0, L_0x558b2c78ae90, C4<0>, C4<0>;
L_0x558b2c78b740 .functor AND 1, L_0x558b2c78bf60, L_0x558b2c77f5d0, C4<1>, C4<1>;
L_0x558b2c78bae0 .functor AND 4, L_0x558b2c78b960, L_0x558b2c78b340, C4<1111>, C4<1111>;
L_0x558b2c78bd20 .functor AND 1, L_0x558b2c78bbf0, L_0x558b2c780600, C4<1>, C4<1>;
L_0x558b2c78bde0 .functor AND 1, L_0x558b2c77fbb0, L_0x558b2c78a530, C4<1>, C4<1>;
L_0x558b2c78b800 .functor OR 1, L_0x558b2c780020, L_0x558b2c78bde0, C4<0>, C4<0>;
L_0x558b2c78b8c0 .functor OR 1, L_0x558b2c77f250, L_0x558b2c77f5d0, C4<0>, C4<0>;
L_0x558b2c78c830 .functor AND 1, L_0x558b2c780600, L_0x558b2c7852e0, C4<1>, C4<1>;
L_0x558b2c78c590 .functor OR 1, L_0x558b2c78b8c0, L_0x558b2c78c830, C4<0>, C4<0>;
v0x558b2c728cb0_0 .net "Bimm", 31 0, L_0x558b2c77e490;  1 drivers
v0x558b2c6ed880_0 .net "EQ", 0 0, L_0x558b2c7816d0;  1 drivers
v0x558b2c6e64d0_0 .net "Iimm", 31 0, L_0x558b2c77d4d0;  1 drivers
v0x558b2c6e7ae0_0 .net "Jimm", 31 0, L_0x558b2c77eae0;  1 drivers
v0x558b2c6e7dd0_0 .net "LOAD_byte", 7 0, L_0x558b2c7829e0;  1 drivers
v0x558b2c741940_0 .net "LOAD_data", 31 0, L_0x558b2c784280;  1 drivers
v0x558b2c741a20_0 .net "LOAD_halfword", 15 0, L_0x558b2c7828a0;  1 drivers
v0x558b2c741b00_0 .net "LOAD_sign", 0 0, L_0x558b2c783820;  1 drivers
v0x558b2c741bc0_0 .net "LT", 0 0, L_0x558b2c781240;  1 drivers
v0x558b2c741c80_0 .net "LTU", 0 0, L_0x558b2c781780;  1 drivers
v0x558b2c741d40_0 .var "PC", 23 0;
v0x558b2c741e20_0 .net "PCplus4", 23 0, L_0x558b2c7880f0;  1 drivers
v0x558b2c741f00_0 .net "PCplusImm", 23 0, L_0x558b2c787f40;  1 drivers
v0x558b2c741fe0_0 .net "STORE_wmask", 3 0, L_0x558b2c78b340;  1 drivers
v0x558b2c7420c0_0 .net "Simm", 31 0, L_0x558b2c77dc60;  1 drivers
v0x558b2c7421a0_0 .net "Uimm", 31 0, L_0x558b2c77cc00;  1 drivers
L_0x7f1d42b552e8 .functor BUFT 1, C4<11000>, C4<0>, C4<0>, C4<0>;
v0x558b2c742280_0 .net/2u *"_ivl_100", 4 0, L_0x7f1d42b552e8;  1 drivers
v0x558b2c742360_0 .net *"_ivl_105", 4 0, L_0x558b2c77ff80;  1 drivers
L_0x7f1d42b55330 .functor BUFT 1, C4<11001>, C4<0>, C4<0>, C4<0>;
v0x558b2c742440_0 .net/2u *"_ivl_106", 4 0, L_0x7f1d42b55330;  1 drivers
v0x558b2c742520_0 .net *"_ivl_11", 18 0, L_0x558b2c76ca90;  1 drivers
v0x558b2c742600_0 .net *"_ivl_111", 4 0, L_0x558b2c7801d0;  1 drivers
L_0x7f1d42b55378 .functor BUFT 1, C4<11011>, C4<0>, C4<0>, C4<0>;
v0x558b2c7426e0_0 .net/2u *"_ivl_112", 4 0, L_0x7f1d42b55378;  1 drivers
v0x558b2c7427c0_0 .net *"_ivl_117", 4 0, L_0x558b2c7803e0;  1 drivers
L_0x7f1d42b553c0 .functor BUFT 1, C4<11100>, C4<0>, C4<0>, C4<0>;
v0x558b2c7428a0_0 .net/2u *"_ivl_118", 4 0, L_0x7f1d42b553c0;  1 drivers
L_0x7f1d42b55060 .functor BUFT 1, C4<000000000000>, C4<0>, C4<0>, C4<0>;
v0x558b2c742980_0 .net/2u *"_ivl_12", 11 0, L_0x7f1d42b55060;  1 drivers
v0x558b2c742a60_0 .net *"_ivl_126", 0 0, L_0x558b2c780780;  1 drivers
L_0x7f1d42b55408 .functor BUFT 1, C4<1>, C4<0>, C4<0>, C4<0>;
v0x558b2c742b40_0 .net/2u *"_ivl_134", 0 0, L_0x7f1d42b55408;  1 drivers
v0x558b2c742c20_0 .net *"_ivl_136", 31 0, L_0x558b2c780b10;  1 drivers
v0x558b2c742d00_0 .net *"_ivl_138", 32 0, L_0x558b2c780910;  1 drivers
L_0x7f1d42b55450 .functor BUFT 1, C4<0>, C4<0>, C4<0>, C4<0>;
v0x558b2c742de0_0 .net/2u *"_ivl_140", 0 0, L_0x7f1d42b55450;  1 drivers
v0x558b2c742ec0_0 .net *"_ivl_142", 32 0, L_0x558b2c780e10;  1 drivers
v0x558b2c742fa0_0 .net *"_ivl_144", 32 0, L_0x558b2c780c20;  1 drivers
L_0x7f1d42b55498 .functor BUFT 1, C4<000000000000000000000000000000001>, C4<0>, C4<0>, C4<0>;
v0x558b2c743080_0 .net/2u *"_ivl_146", 32 0, L_0x7f1d42b55498;  1 drivers
v0x558b2c743370_0 .net *"_ivl_151", 0 0, L_0x558b2c780f00;  1 drivers
v0x558b2c743450_0 .net *"_ivl_153", 0 0, L_0x558b2c780fa0;  1 drivers
v0x558b2c743530_0 .net *"_ivl_154", 0 0, L_0x558b2c780cc0;  1 drivers
v0x558b2c743610_0 .net *"_ivl_157", 0 0, L_0x558b2c781410;  1 drivers
v0x558b2c7436f0_0 .net *"_ivl_159", 0 0, L_0x558b2c7814b0;  1 drivers
v0x558b2c7437d0_0 .net *"_ivl_165", 31 0, L_0x558b2c7815a0;  1 drivers
L_0x7f1d42b554e0 .functor BUFT 1, C4<00000000000000000000000000000000>, C4<0>, C4<0>, C4<0>;
v0x558b2c7438b0_0 .net/2u *"_ivl_166", 31 0, L_0x7f1d42b554e0;  1 drivers
v0x558b2c743990_0 .net *"_ivl_17", 0 0, L_0x558b2c77cde0;  1 drivers
v0x558b2c743a70_0 .net *"_ivl_171", 23 0, L_0x558b2c781820;  1 drivers
v0x558b2c743b50_0 .net *"_ivl_173", 0 0, L_0x558b2c781910;  1 drivers
v0x558b2c743c30_0 .net *"_ivl_175", 23 0, L_0x558b2c781c70;  1 drivers
v0x558b2c743d10_0 .net *"_ivl_177", 23 0, L_0x558b2c781d10;  1 drivers
v0x558b2c743df0_0 .net *"_ivl_178", 23 0, L_0x558b2c781a60;  1 drivers
v0x558b2c743ed0_0 .net *"_ivl_18", 20 0, L_0x558b2c77ce80;  1 drivers
L_0x7f1d42b55528 .functor BUFT 1, C4<00000000>, C4<0>, C4<0>, C4<0>;
v0x558b2c743fb0_0 .net/2u *"_ivl_182", 7 0, L_0x7f1d42b55528;  1 drivers
v0x558b2c744090_0 .net *"_ivl_185", 0 0, L_0x558b2c781db0;  1 drivers
v0x558b2c744170_0 .net *"_ivl_187", 0 0, L_0x558b2c781e50;  1 drivers
v0x558b2c744250_0 .net *"_ivl_188", 0 0, L_0x558b2c782070;  1 drivers
v0x558b2c744330_0 .net *"_ivl_190", 23 0, L_0x558b2c7823c0;  1 drivers
v0x558b2c744410_0 .net *"_ivl_195", 0 0, L_0x558b2c782130;  1 drivers
v0x558b2c7444f0_0 .net *"_ivl_197", 15 0, L_0x558b2c7821d0;  1 drivers
v0x558b2c7445d0_0 .net *"_ivl_199", 15 0, L_0x558b2c7822c0;  1 drivers
L_0x7f1d42b55018 .functor BUFT 1, C4<00000001>, C4<0>, C4<0>, C4<0>;
v0x558b2c7446b0_0 .net/2u *"_ivl_2", 7 0, L_0x7f1d42b55018;  1 drivers
v0x558b2c744790_0 .net *"_ivl_203", 0 0, L_0x558b2c782730;  1 drivers
v0x558b2c744870_0 .net *"_ivl_205", 7 0, L_0x558b2c782bb0;  1 drivers
v0x558b2c744950_0 .net *"_ivl_207", 7 0, L_0x558b2c782940;  1 drivers
v0x558b2c744a30_0 .net *"_ivl_21", 10 0, L_0x558b2c77d430;  1 drivers
v0x558b2c744b10_0 .net *"_ivl_211", 1 0, L_0x558b2c782ee0;  1 drivers
L_0x7f1d42b55570 .functor BUFT 1, C4<00>, C4<0>, C4<0>, C4<0>;
v0x558b2c744bf0_0 .net/2u *"_ivl_212", 1 0, L_0x7f1d42b55570;  1 drivers
v0x558b2c744cd0_0 .net *"_ivl_217", 1 0, L_0x558b2c782c50;  1 drivers
L_0x7f1d42b555b8 .functor BUFT 1, C4<01>, C4<0>, C4<0>, C4<0>;
v0x558b2c744db0_0 .net/2u *"_ivl_218", 1 0, L_0x7f1d42b555b8;  1 drivers
v0x558b2c744e90_0 .net *"_ivl_223", 0 0, L_0x558b2c782e30;  1 drivers
v0x558b2c745380_0 .net *"_ivl_225", 0 0, L_0x558b2c783370;  1 drivers
v0x558b2c745440_0 .net *"_ivl_227", 0 0, L_0x558b2c7830c0;  1 drivers
v0x558b2c745520_0 .net *"_ivl_229", 0 0, L_0x558b2c7831b0;  1 drivers
v0x558b2c745600_0 .net *"_ivl_230", 0 0, L_0x558b2c783730;  1 drivers
v0x558b2c7456e0_0 .net *"_ivl_234", 23 0, L_0x558b2c783930;  1 drivers
v0x558b2c7457c0_0 .net *"_ivl_236", 31 0, L_0x558b2c783460;  1 drivers
v0x558b2c7458a0_0 .net *"_ivl_238", 15 0, L_0x558b2c783500;  1 drivers
v0x558b2c745980_0 .net *"_ivl_240", 31 0, L_0x558b2c7835a0;  1 drivers
v0x558b2c745a60_0 .net *"_ivl_242", 31 0, L_0x558b2c783690;  1 drivers
v0x558b2c745b40_0 .net *"_ivl_249", 7 0, L_0x558b2c7843c0;  1 drivers
v0x558b2c745c20_0 .net *"_ivl_25", 0 0, L_0x558b2c77d620;  1 drivers
v0x558b2c745d00_0 .net *"_ivl_253", 0 0, L_0x558b2c783ea0;  1 drivers
v0x558b2c745de0_0 .net *"_ivl_255", 7 0, L_0x558b2c783f40;  1 drivers
v0x558b2c745ec0_0 .net *"_ivl_257", 7 0, L_0x558b2c783fe0;  1 drivers
v0x558b2c745fa0_0 .net *"_ivl_258", 7 0, L_0x558b2c7847d0;  1 drivers
v0x558b2c746080_0 .net *"_ivl_26", 20 0, L_0x558b2c77d6c0;  1 drivers
v0x558b2c746160_0 .net *"_ivl_263", 0 0, L_0x558b2c784500;  1 drivers
v0x558b2c746240_0 .net *"_ivl_265", 7 0, L_0x558b2c7845a0;  1 drivers
v0x558b2c746320_0 .net *"_ivl_267", 7 0, L_0x558b2c784640;  1 drivers
v0x558b2c746400_0 .net *"_ivl_268", 7 0, L_0x558b2c7846e0;  1 drivers
v0x558b2c7464e0_0 .net *"_ivl_274", 0 0, L_0x558b2c784e30;  1 drivers
v0x558b2c7465c0_0 .net *"_ivl_276", 7 0, L_0x558b2c784870;  1 drivers
v0x558b2c7466a0_0 .net *"_ivl_278", 0 0, L_0x558b2c784910;  1 drivers
v0x558b2c746780_0 .net *"_ivl_280", 7 0, L_0x558b2c7849b0;  1 drivers
v0x558b2c746860_0 .net *"_ivl_282", 7 0, L_0x558b2c785240;  1 drivers
v0x558b2c746940_0 .net *"_ivl_283", 7 0, L_0x558b2c784ed0;  1 drivers
v0x558b2c746a20_0 .net *"_ivl_285", 7 0, L_0x558b2c785090;  1 drivers
v0x558b2c746b00_0 .net *"_ivl_288", 0 0, L_0x558b2c785670;  1 drivers
v0x558b2c746be0_0 .net *"_ivl_29", 5 0, L_0x558b2c77daa0;  1 drivers
v0x558b2c746cc0_0 .net *"_ivl_290", 0 0, L_0x558b2c785760;  1 drivers
v0x558b2c746da0_0 .net *"_ivl_294", 0 0, L_0x558b2c785440;  1 drivers
v0x558b2c746e80_0 .net *"_ivl_296", 0 0, L_0x558b2c7854e0;  1 drivers
v0x558b2c746f60_0 .net *"_ivl_298", 0 0, L_0x558b2c785580;  1 drivers
v0x558b2c747040_0 .net *"_ivl_299", 0 0, L_0x558b2c77dbe0;  1 drivers
v0x558b2c747120_0 .net *"_ivl_302", 31 0, L_0x558b2c785800;  1 drivers
v0x558b2c747200_0 .net *"_ivl_303", 31 0, L_0x558b2c7858a0;  1 drivers
L_0x7f1d42b55600 .functor BUFT 1, C4<00000000000000000000000000000000>, C4<0>, C4<0>, C4<0>;
v0x558b2c7472e0_0 .net/2u *"_ivl_305", 31 0, L_0x7f1d42b55600;  1 drivers
v0x558b2c7473c0_0 .net *"_ivl_307", 31 0, L_0x558b2c785a30;  1 drivers
v0x558b2c7474a0_0 .net *"_ivl_31", 4 0, L_0x558b2c77db40;  1 drivers
v0x558b2c747580_0 .net *"_ivl_310", 0 0, L_0x558b2c786380;  1 drivers
L_0x7f1d42b55648 .functor BUFT 1, C4<0000000000000000000000000000000>, C4<0>, C4<0>, C4<0>;
v0x558b2c747660_0 .net/2u *"_ivl_311", 30 0, L_0x7f1d42b55648;  1 drivers
v0x558b2c747740_0 .net *"_ivl_313", 31 0, L_0x558b2c786420;  1 drivers
L_0x7f1d42b55690 .functor BUFT 1, C4<00000000000000000000000000000000>, C4<0>, C4<0>, C4<0>;
v0x558b2c747820_0 .net/2u *"_ivl_315", 31 0, L_0x7f1d42b55690;  1 drivers
v0x558b2c747900_0 .net *"_ivl_317", 31 0, L_0x558b2c785fb0;  1 drivers
v0x558b2c7479e0_0 .net *"_ivl_319", 31 0, L_0x558b2c786140;  1 drivers
v0x558b2c747ac0_0 .net *"_ivl_322", 0 0, L_0x558b2c7862b0;  1 drivers
L_0x7f1d42b556d8 .functor BUFT 1, C4<0000000000000000000000000000000>, C4<0>, C4<0>, C4<0>;
v0x558b2c747ba0_0 .net/2u *"_ivl_323", 30 0, L_0x7f1d42b556d8;  1 drivers
v0x558b2c747c80_0 .net *"_ivl_325", 31 0, L_0x558b2c786950;  1 drivers
L_0x7f1d42b55720 .functor BUFT 1, C4<00000000000000000000000000000000>, C4<0>, C4<0>, C4<0>;
v0x558b2c747d60_0 .net/2u *"_ivl_327", 31 0, L_0x7f1d42b55720;  1 drivers
v0x558b2c747e40_0 .net *"_ivl_329", 31 0, L_0x558b2c786a40;  1 drivers
v0x558b2c747f20_0 .net *"_ivl_331", 31 0, L_0x558b2c786650;  1 drivers
v0x558b2c748000_0 .net *"_ivl_334", 0 0, L_0x558b2c786760;  1 drivers
v0x558b2c7480e0_0 .net *"_ivl_335", 31 0, L_0x558b2c786800;  1 drivers
L_0x7f1d42b55768 .functor BUFT 1, C4<00000000000000000000000000000000>, C4<0>, C4<0>, C4<0>;
v0x558b2c7481c0_0 .net/2u *"_ivl_337", 31 0, L_0x7f1d42b55768;  1 drivers
v0x558b2c7482a0_0 .net *"_ivl_339", 31 0, L_0x558b2c786ee0;  1 drivers
v0x558b2c748380_0 .net *"_ivl_341", 31 0, L_0x558b2c786b30;  1 drivers
v0x558b2c748460_0 .net *"_ivl_344", 0 0, L_0x558b2c786c40;  1 drivers
v0x558b2c748540_0 .net *"_ivl_345", 31 0, L_0x558b2c786df0;  1 drivers
L_0x7f1d42b557b0 .functor BUFT 1, C4<00000000000000000000000000000000>, C4<0>, C4<0>, C4<0>;
v0x558b2c748620_0 .net/2u *"_ivl_347", 31 0, L_0x7f1d42b557b0;  1 drivers
v0x558b2c748700_0 .net *"_ivl_349", 31 0, L_0x558b2c787390;  1 drivers
v0x558b2c7487e0_0 .net *"_ivl_35", 0 0, L_0x558b2c77de00;  1 drivers
v0x558b2c7488c0_0 .net *"_ivl_351", 31 0, L_0x558b2c787020;  1 drivers
v0x558b2c7489a0_0 .net *"_ivl_354", 0 0, L_0x558b2c787130;  1 drivers
v0x558b2c748a80_0 .net *"_ivl_355", 31 0, L_0x558b2c7871d0;  1 drivers
L_0x7f1d42b557f8 .functor BUFT 1, C4<00000000000000000000000000000000>, C4<0>, C4<0>, C4<0>;
v0x558b2c749370_0 .net/2u *"_ivl_357", 31 0, L_0x7f1d42b557f8;  1 drivers
v0x558b2c749450_0 .net *"_ivl_359", 31 0, L_0x558b2c7878e0;  1 drivers
v0x558b2c749530_0 .net *"_ivl_36", 19 0, L_0x558b2c77df30;  1 drivers
v0x558b2c749610_0 .net *"_ivl_361", 31 0, L_0x558b2c7874d0;  1 drivers
L_0x7f1d42b55840 .functor BUFT 1, C4<00000000000000000000000000000000>, C4<0>, C4<0>, C4<0>;
v0x558b2c7496f0_0 .net/2u *"_ivl_363", 31 0, L_0x7f1d42b55840;  1 drivers
v0x558b2c7497d0_0 .net *"_ivl_365", 31 0, L_0x558b2c7875e0;  1 drivers
v0x558b2c7498b0_0 .net *"_ivl_370", 0 0, L_0x558b2c787830;  1 drivers
v0x558b2c749990_0 .net *"_ivl_372", 23 0, L_0x558b2c787980;  1 drivers
v0x558b2c749a70_0 .net *"_ivl_374", 0 0, L_0x558b2c787a70;  1 drivers
v0x558b2c749b50_0 .net *"_ivl_376", 23 0, L_0x558b2c787b10;  1 drivers
v0x558b2c749c30_0 .net *"_ivl_378", 23 0, L_0x558b2c787c00;  1 drivers
v0x558b2c749d10_0 .net *"_ivl_379", 23 0, L_0x558b2c787cf0;  1 drivers
v0x558b2c749df0_0 .net *"_ivl_381", 23 0, L_0x558b2c7883a0;  1 drivers
L_0x7f1d42b55888 .functor BUFT 1, C4<000000000000000000000100>, C4<0>, C4<0>, C4<0>;
v0x558b2c749ed0_0 .net/2u *"_ivl_385", 23 0, L_0x7f1d42b55888;  1 drivers
v0x558b2c749fb0_0 .net *"_ivl_389", 0 0, L_0x558b2c787fe0;  1 drivers
v0x558b2c74a090_0 .net *"_ivl_39", 0 0, L_0x558b2c77e3f0;  1 drivers
v0x558b2c74a170_0 .net *"_ivl_391", 0 0, L_0x558b2c788230;  1 drivers
v0x558b2c74a250_0 .net *"_ivl_394", 0 0, L_0x558b2c787d90;  1 drivers
v0x558b2c74a330_0 .net *"_ivl_396", 0 0, L_0x558b2c7889c0;  1 drivers
v0x558b2c74a410_0 .net *"_ivl_397", 0 0, L_0x558b2c788440;  1 drivers
L_0x7f1d42b558d0 .functor BUFT 1, C4<00000000000000000000000000000000>, C4<0>, C4<0>, C4<0>;
v0x558b2c74a4f0_0 .net/2u *"_ivl_401", 31 0, L_0x7f1d42b558d0;  1 drivers
v0x558b2c74a5d0_0 .net *"_ivl_403", 31 0, L_0x558b2c7886d0;  1 drivers
L_0x7f1d42b55918 .functor BUFT 1, C4<00000000000000000000000000000000>, C4<0>, C4<0>, C4<0>;
v0x558b2c74a6b0_0 .net/2u *"_ivl_405", 31 0, L_0x7f1d42b55918;  1 drivers
v0x558b2c74a790_0 .net *"_ivl_407", 31 0, L_0x558b2c788910;  1 drivers
v0x558b2c74a870_0 .net *"_ivl_409", 31 0, L_0x558b2c788f00;  1 drivers
v0x558b2c74a950_0 .net *"_ivl_41", 5 0, L_0x558b2c77e530;  1 drivers
L_0x7f1d42b55960 .functor BUFT 1, C4<00000000000000000000000000000000>, C4<0>, C4<0>, C4<0>;
v0x558b2c74aa30_0 .net/2u *"_ivl_411", 31 0, L_0x7f1d42b55960;  1 drivers
v0x558b2c74ab10_0 .net *"_ivl_413", 31 0, L_0x558b2c789010;  1 drivers
v0x558b2c74abf0_0 .net *"_ivl_415", 31 0, L_0x558b2c7891a0;  1 drivers
L_0x7f1d42b559a8 .functor BUFT 1, C4<00000000>, C4<0>, C4<0>, C4<0>;
v0x558b2c74acd0_0 .net/2u *"_ivl_417", 7 0, L_0x7f1d42b559a8;  1 drivers
v0x558b2c74adb0_0 .net *"_ivl_419", 31 0, L_0x558b2c788610;  1 drivers
L_0x7f1d42b559f0 .functor BUFT 1, C4<00000000000000000000000000000000>, C4<0>, C4<0>, C4<0>;
v0x558b2c74ae90_0 .net/2u *"_ivl_421", 31 0, L_0x7f1d42b559f0;  1 drivers
v0x558b2c74af70_0 .net *"_ivl_423", 31 0, L_0x558b2c788a60;  1 drivers
v0x558b2c74b050_0 .net *"_ivl_425", 31 0, L_0x558b2c788bf0;  1 drivers
v0x558b2c74b130_0 .net *"_ivl_427", 0 0, L_0x558b2c788d00;  1 drivers
L_0x7f1d42b55a38 .functor BUFT 1, C4<00000000>, C4<0>, C4<0>, C4<0>;
v0x558b2c74b210_0 .net/2u *"_ivl_429", 7 0, L_0x7f1d42b55a38;  1 drivers
v0x558b2c74b2f0_0 .net *"_ivl_43", 3 0, L_0x558b2c77e5d0;  1 drivers
v0x558b2c74b3d0_0 .net *"_ivl_431", 31 0, L_0x558b2c7892b0;  1 drivers
L_0x7f1d42b55a80 .functor BUFT 1, C4<00000000000000000000000000000000>, C4<0>, C4<0>, C4<0>;
v0x558b2c74b4b0_0 .net/2u *"_ivl_433", 31 0, L_0x7f1d42b55a80;  1 drivers
v0x558b2c74b590_0 .net *"_ivl_435", 31 0, L_0x558b2c789420;  1 drivers
v0x558b2c74b670_0 .net *"_ivl_437", 31 0, L_0x558b2c7895b0;  1 drivers
L_0x7f1d42b55ac8 .functor BUFT 1, C4<00000000000000000000000000000000>, C4<0>, C4<0>, C4<0>;
v0x558b2c74b750_0 .net/2u *"_ivl_439", 31 0, L_0x7f1d42b55ac8;  1 drivers
L_0x7f1d42b550a8 .functor BUFT 1, C4<0>, C4<0>, C4<0>, C4<0>;
v0x558b2c74b830_0 .net/2u *"_ivl_44", 0 0, L_0x7f1d42b550a8;  1 drivers
v0x558b2c74b910_0 .net *"_ivl_441", 31 0, L_0x558b2c7896c0;  1 drivers
v0x558b2c74b9f0_0 .net *"_ivl_446", 0 0, L_0x558b2c789ee0;  1 drivers
v0x558b2c74bad0_0 .net *"_ivl_447", 0 0, L_0x558b2c789f80;  1 drivers
v0x558b2c74bbb0_0 .net *"_ivl_450", 0 0, L_0x558b2c78a040;  1 drivers
v0x558b2c74bc90_0 .net *"_ivl_452", 0 0, L_0x558b2c789970;  1 drivers
v0x558b2c74bd50_0 .net *"_ivl_453", 0 0, L_0x558b2c789a10;  1 drivers
v0x558b2c74be30_0 .net *"_ivl_455", 0 0, L_0x558b2c789c20;  1 drivers
v0x558b2c74bf10_0 .net *"_ivl_458", 0 0, L_0x558b2c789d30;  1 drivers
v0x558b2c74bff0_0 .net *"_ivl_459", 0 0, L_0x558b2c789dd0;  1 drivers
v0x558b2c74c0d0_0 .net *"_ivl_461", 0 0, L_0x558b2c788e60;  1 drivers
v0x558b2c74c1b0_0 .net *"_ivl_464", 0 0, L_0x558b2c78a6e0;  1 drivers
v0x558b2c74c290_0 .net *"_ivl_466", 0 0, L_0x558b2c78a780;  1 drivers
v0x558b2c74c350_0 .net *"_ivl_467", 0 0, L_0x558b2c78a0e0;  1 drivers
v0x558b2c74c430_0 .net *"_ivl_469", 0 0, L_0x558b2c78a2c0;  1 drivers
v0x558b2c74c510_0 .net *"_ivl_472", 0 0, L_0x558b2c78a3d0;  1 drivers
v0x558b2c74c5f0_0 .net *"_ivl_473", 0 0, L_0x558b2c78a470;  1 drivers
v0x558b2c74c6d0_0 .net *"_ivl_475", 0 0, L_0x558b2c78a660;  1 drivers
v0x558b2c74c7b0_0 .net *"_ivl_478", 0 0, L_0x558b2c78a1f0;  1 drivers
v0x558b2c74c890_0 .net *"_ivl_480", 0 0, L_0x558b2c78ad30;  1 drivers
v0x558b2c74c950_0 .net *"_ivl_481", 0 0, L_0x558b2c78add0;  1 drivers
v0x558b2c74ca30_0 .net *"_ivl_486", 0 0, L_0x558b2c78afd0;  1 drivers
v0x558b2c74cb10_0 .net *"_ivl_488", 0 0, L_0x558b2c78a820;  1 drivers
L_0x7f1d42b55b10 .functor BUFT 1, C4<1000>, C4<0>, C4<0>, C4<0>;
v0x558b2c74cbf0_0 .net/2u *"_ivl_489", 3 0, L_0x7f1d42b55b10;  1 drivers
v0x558b2c74ccd0_0 .net *"_ivl_49", 0 0, L_0x558b2c77e890;  1 drivers
L_0x7f1d42b55b58 .functor BUFT 1, C4<0100>, C4<0>, C4<0>, C4<0>;
v0x558b2c74cdb0_0 .net/2u *"_ivl_491", 3 0, L_0x7f1d42b55b58;  1 drivers
v0x558b2c74ce90_0 .net *"_ivl_493", 3 0, L_0x558b2c78a8c0;  1 drivers
v0x558b2c74cf70_0 .net *"_ivl_496", 0 0, L_0x558b2c78aa50;  1 drivers
L_0x7f1d42b55ba0 .functor BUFT 1, C4<0010>, C4<0>, C4<0>, C4<0>;
v0x558b2c74d050_0 .net/2u *"_ivl_497", 3 0, L_0x7f1d42b55ba0;  1 drivers
L_0x7f1d42b55be8 .functor BUFT 1, C4<0001>, C4<0>, C4<0>, C4<0>;
v0x558b2c74d130_0 .net/2u *"_ivl_499", 3 0, L_0x7f1d42b55be8;  1 drivers
v0x558b2c74d210_0 .net *"_ivl_5", 2 0, L_0x558b2c76c760;  1 drivers
v0x558b2c74d2f0_0 .net *"_ivl_50", 11 0, L_0x558b2c77e670;  1 drivers
v0x558b2c74d3d0_0 .net *"_ivl_501", 3 0, L_0x558b2c78aaf0;  1 drivers
v0x558b2c74d4b0_0 .net *"_ivl_503", 3 0, L_0x558b2c78ac80;  1 drivers
v0x558b2c74d590_0 .net *"_ivl_506", 0 0, L_0x558b2c78b6a0;  1 drivers
L_0x7f1d42b55c30 .functor BUFT 1, C4<1100>, C4<0>, C4<0>, C4<0>;
v0x558b2c74d670_0 .net/2u *"_ivl_507", 3 0, L_0x7f1d42b55c30;  1 drivers
L_0x7f1d42b55c78 .functor BUFT 1, C4<0011>, C4<0>, C4<0>, C4<0>;
v0x558b2c74d750_0 .net/2u *"_ivl_509", 3 0, L_0x7f1d42b55c78;  1 drivers
v0x558b2c74d830_0 .net *"_ivl_511", 3 0, L_0x558b2c78b070;  1 drivers
L_0x7f1d42b55cc0 .functor BUFT 1, C4<1111>, C4<0>, C4<0>, C4<0>;
v0x558b2c74d910_0 .net/2u *"_ivl_513", 3 0, L_0x7f1d42b55cc0;  1 drivers
v0x558b2c74d9f0_0 .net *"_ivl_515", 3 0, L_0x558b2c78b200;  1 drivers
v0x558b2c74dad0_0 .net *"_ivl_520", 0 0, L_0x558b2c78b4c0;  1 drivers
v0x558b2c74dbb0_0 .net *"_ivl_521", 0 0, L_0x558b2c78bcb0;  1 drivers
v0x558b2c74dc90_0 .net *"_ivl_524", 0 0, L_0x558b2c78ae90;  1 drivers
v0x558b2c74dd70_0 .net *"_ivl_528", 0 0, L_0x558b2c78bf60;  1 drivers
v0x558b2c74de50_0 .net *"_ivl_529", 0 0, L_0x558b2c78b740;  1 drivers
v0x558b2c74df30_0 .net *"_ivl_53", 7 0, L_0x558b2c77ea40;  1 drivers
v0x558b2c74e010_0 .net *"_ivl_531", 3 0, L_0x558b2c78b960;  1 drivers
v0x558b2c74e0f0_0 .net *"_ivl_536", 0 0, L_0x558b2c78bbf0;  1 drivers
v0x558b2c74e1d0_0 .net *"_ivl_539", 0 0, L_0x558b2c78bde0;  1 drivers
v0x558b2c74e2b0_0 .net *"_ivl_543", 0 0, L_0x558b2c78b8c0;  1 drivers
v0x558b2c74e390_0 .net *"_ivl_545", 0 0, L_0x558b2c78c830;  1 drivers
v0x558b2c74e470_0 .net *"_ivl_55", 0 0, L_0x558b2c77e930;  1 drivers
v0x558b2c74e550_0 .net *"_ivl_57", 9 0, L_0x558b2c77edc0;  1 drivers
L_0x7f1d42b550f0 .functor BUFT 1, C4<0>, C4<0>, C4<0>, C4<0>;
v0x558b2c74e630_0 .net/2u *"_ivl_58", 0 0, L_0x7f1d42b550f0;  1 drivers
v0x558b2c74e710_0 .net *"_ivl_63", 4 0, L_0x558b2c77f0c0;  1 drivers
L_0x7f1d42b55138 .functor BUFT 1, C4<00000>, C4<0>, C4<0>, C4<0>;
v0x558b2c74e7f0_0 .net/2u *"_ivl_64", 4 0, L_0x7f1d42b55138;  1 drivers
v0x558b2c74e8d0_0 .net *"_ivl_69", 4 0, L_0x558b2c77f340;  1 drivers
L_0x7f1d42b55180 .functor BUFT 1, C4<00100>, C4<0>, C4<0>, C4<0>;
v0x558b2c74e9b0_0 .net/2u *"_ivl_70", 4 0, L_0x7f1d42b55180;  1 drivers
v0x558b2c74ea90_0 .net *"_ivl_75", 4 0, L_0x558b2c77f530;  1 drivers
L_0x7f1d42b551c8 .functor BUFT 1, C4<00101>, C4<0>, C4<0>, C4<0>;
v0x558b2c74eb70_0 .net/2u *"_ivl_76", 4 0, L_0x7f1d42b551c8;  1 drivers
v0x558b2c74ec50_0 .net *"_ivl_81", 4 0, L_0x558b2c77f730;  1 drivers
L_0x7f1d42b55210 .functor BUFT 1, C4<01000>, C4<0>, C4<0>, C4<0>;
v0x558b2c74ed30_0 .net/2u *"_ivl_82", 4 0, L_0x7f1d42b55210;  1 drivers
v0x558b2c74ee10_0 .net *"_ivl_87", 4 0, L_0x558b2c77f940;  1 drivers
L_0x7f1d42b55258 .functor BUFT 1, C4<01100>, C4<0>, C4<0>, C4<0>;
v0x558b2c74eef0_0 .net/2u *"_ivl_88", 4 0, L_0x7f1d42b55258;  1 drivers
v0x558b2c74efd0_0 .net *"_ivl_9", 0 0, L_0x558b2c76c9c0;  1 drivers
v0x558b2c74f0b0_0 .net *"_ivl_93", 4 0, L_0x558b2c77fb10;  1 drivers
L_0x7f1d42b552a0 .functor BUFT 1, C4<01101>, C4<0>, C4<0>, C4<0>;
v0x558b2c74f190_0 .net/2u *"_ivl_94", 4 0, L_0x7f1d42b552a0;  1 drivers
v0x558b2c74f270_0 .net *"_ivl_99", 4 0, L_0x558b2c77fd40;  1 drivers
v0x558b2c74f350_0 .net "aluBusy", 0 0, L_0x558b2c780520;  1 drivers
v0x558b2c74f410_0 .net "aluIn1", 31 0, L_0x558b2c780710;  1 drivers
v0x558b2c74f4f0_0 .net "aluIn2", 31 0, L_0x558b2c780840;  1 drivers
v0x558b2c74f5d0_0 .net "aluMinus", 32 0, L_0x558b2c781100;  1 drivers
v0x558b2c74f6b0_0 .net "aluOut", 31 0, L_0x558b2c787720;  1 drivers
v0x558b2c74f790_0 .net "aluPlus", 31 0, L_0x558b2c780a70;  1 drivers
v0x558b2c74f870_0 .var "aluReg", 31 0;
v0x558b2c74f950_0 .var "aluShamt", 4 0;
v0x558b2c74fa30_0 .net "aluWr", 0 0, L_0x558b2c78bd20;  1 drivers
v0x558b2c74faf0_0 .net "clk", 0 0, v0x558b2c76c190_0;  alias, 1 drivers
v0x558b2c74fbb0_0 .var "cycles", 31 0;
v0x558b2c74fc90_0 .net "funct3Is", 7 0, L_0x558b2c76c880;  1 drivers
v0x558b2c74fd70_0 .net "funct3IsShift", 0 0, L_0x558b2c7852e0;  1 drivers
v0x558b2c74fe30_0 .var "instr", 31 2;
v0x558b2c74ff10_0 .net "isALU", 0 0, L_0x558b2c780600;  1 drivers
v0x558b2c74ffd0_0 .net "isALUimm", 0 0, L_0x558b2c77f160;  1 drivers
v0x558b2c750090_0 .net "isALUreg", 0 0, L_0x558b2c77f7d0;  1 drivers
v0x558b2c750150_0 .net "isAUIPC", 0 0, L_0x558b2c77f3e0;  1 drivers
v0x558b2c748b40_0 .net "isBranch", 0 0, L_0x558b2c77fbb0;  1 drivers
v0x558b2c748c00_0 .net "isJAL", 0 0, L_0x558b2c780020;  1 drivers
v0x558b2c748cc0_0 .net "isJALR", 0 0, L_0x558b2c77fde0;  1 drivers
v0x558b2c748d80_0 .net "isLUI", 0 0, L_0x558b2c77f9e0;  1 drivers
v0x558b2c748e40_0 .net "isLoad", 0 0, L_0x558b2c77f250;  1 drivers
v0x558b2c748f00_0 .net "isSYSTEM", 0 0, L_0x558b2c780270;  1 drivers
v0x558b2c748fc0_0 .net "isStore", 0 0, L_0x558b2c77f5d0;  1 drivers
v0x558b2c749080_0 .net "jumpToPCplusImm", 0 0, L_0x558b2c78b800;  1 drivers
v0x558b2c749140_0 .net "loadstore_addr", 23 0, L_0x558b2c781fd0;  1 drivers
v0x558b2c749240_0 .net "mem_addr", 31 0, L_0x558b2c782500;  alias, 1 drivers
v0x558b2c751200_0 .net "mem_byteAccess", 0 0, L_0x558b2c782f80;  1 drivers
v0x558b2c7512c0_0 .net "mem_halfwordAccess", 0 0, L_0x558b2c782cf0;  1 drivers
L_0x7f1d42b55d08 .functor BUFT 1, C4<0>, C4<0>, C4<0>, C4<0>;
v0x558b2c751380_0 .net "mem_rbusy", 0 0, L_0x7f1d42b55d08;  1 drivers
v0x558b2c751440_0 .net "mem_rdata", 31 0, v0x558b2c76b800_0;  1 drivers
v0x558b2c751520_0 .net "mem_rstrb", 0 0, L_0x558b2c78af30;  alias, 1 drivers
L_0x7f1d42b55d50 .functor BUFT 1, C4<0>, C4<0>, C4<0>, C4<0>;
v0x558b2c7515e0_0 .net "mem_wbusy", 0 0, L_0x7f1d42b55d50;  1 drivers
v0x558b2c7516a0_0 .net "mem_wdata", 31 0, L_0x558b2c784c60;  alias, 1 drivers
v0x558b2c751780_0 .net "mem_wmask", 3 0, L_0x558b2c78bae0;  alias, 1 drivers
v0x558b2c751860_0 .net "needToWait", 0 0, L_0x558b2c78c590;  1 drivers
v0x558b2c751920_0 .net "predicate", 0 0, L_0x558b2c78a530;  1 drivers
v0x558b2c7519e0_0 .net "rdId", 4 0, L_0x558b2c76c6c0;  1 drivers
v0x558b2c751ac0 .array "registerFile", 0 31, 31 0;
v0x558b2c751b80_0 .net "reset", 0 0, v0x558b2c76c310_0;  alias, 1 drivers
v0x558b2c751c40_0 .var "rs1", 31 0;
v0x558b2c751d20_0 .var "rs2", 31 0;
v0x558b2c751e00_0 .var "state", 3 0;
v0x558b2c751ee0_0 .net "writeBack", 0 0, L_0x558b2c788500;  1 drivers
v0x558b2c751fa0_0 .net "writeBackData", 31 0, L_0x558b2c789850;  1 drivers
E_0x558b2c59bce0 .event posedge, v0x558b2c74faf0_0;
L_0x558b2c76c6c0 .part v0x558b2c74fe30_0, 5, 5;
L_0x558b2c76c760 .part v0x558b2c74fe30_0, 10, 3;
L_0x558b2c76c880 .shift/l 8, L_0x7f1d42b55018, L_0x558b2c76c760;
L_0x558b2c76c9c0 .part v0x558b2c74fe30_0, 29, 1;
L_0x558b2c76ca90 .part v0x558b2c74fe30_0, 10, 19;
L_0x558b2c77cc00 .concat [ 12 19 1 0], L_0x7f1d42b55060, L_0x558b2c76ca90, L_0x558b2c76c9c0;
L_0x558b2c77cde0 .part v0x558b2c74fe30_0, 29, 1;
LS_0x558b2c77ce80_0_0 .concat [ 1 1 1 1], L_0x558b2c77cde0, L_0x558b2c77cde0, L_0x558b2c77cde0, L_0x558b2c77cde0;
LS_0x558b2c77ce80_0_4 .concat [ 1 1 1 1], L_0x558b2c77cde0, L_0x558b2c77cde0, L_0x558b2c77cde0, L_0x558b2c77cde0;
LS_0x558b2c77ce80_0_8 .concat [ 1 1 1 1], L_0x558b2c77cde0, L_0x558b2c77cde0, L_0x558b2c77cde0, L_0x558b2c77cde0;
LS_0x558b2c77ce80_0_12 .concat [ 1 1 1 1], L_0x558b2c77cde0, L_0x558b2c77cde0, L_0x558b2c77cde0, L_0x558b2c77cde0;
LS_0x558b2c77ce80_0_16 .concat [ 1 1 1 1], L_0x558b2c77cde0, L_0x558b2c77cde0, L_0x558b2c77cde0, L_0x558b2c77cde0;
LS_0x558b2c77ce80_0_20 .concat [ 1 0 0 0], L_0x558b2c77cde0;
LS_0x558b2c77ce80_1_0 .concat [ 4 4 4 4], LS_0x558b2c77ce80_0_0, LS_0x558b2c77ce80_0_4, LS_0x558b2c77ce80_0_8, LS_0x558b2c77ce80_0_12;
LS_0x558b2c77ce80_1_4 .concat [ 4 1 0 0], LS_0x558b2c77ce80_0_16, LS_0x558b2c77ce80_0_20;
L_0x558b2c77ce80 .concat [ 16 5 0 0], LS_0x558b2c77ce80_1_0, LS_0x558b2c77ce80_1_4;
L_0x558b2c77d430 .part v0x558b2c74fe30_0, 18, 11;
L_0x558b2c77d4d0 .concat [ 11 21 0 0], L_0x558b2c77d430, L_0x558b2c77ce80;
L_0x558b2c77d620 .part v0x558b2c74fe30_0, 29, 1;
LS_0x558b2c77d6c0_0_0 .concat [ 1 1 1 1], L_0x558b2c77d620, L_0x558b2c77d620, L_0x558b2c77d620, L_0x558b2c77d620;
LS_0x558b2c77d6c0_0_4 .concat [ 1 1 1 1], L_0x558b2c77d620, L_0x558b2c77d620, L_0x558b2c77d620, L_0x558b2c77d620;
LS_0x558b2c77d6c0_0_8 .concat [ 1 1 1 1], L_0x558b2c77d620, L_0x558b2c77d620, L_0x558b2c77d620, L_0x558b2c77d620;
LS_0x558b2c77d6c0_0_12 .concat [ 1 1 1 1], L_0x558b2c77d620, L_0x558b2c77d620, L_0x558b2c77d620, L_0x558b2c77d620;
LS_0x558b2c77d6c0_0_16 .concat [ 1 1 1 1], L_0x558b2c77d620, L_0x558b2c77d620, L_0x558b2c77d620, L_0x558b2c77d620;
LS_0x558b2c77d6c0_0_20 .concat [ 1 0 0 0], L_0x558b2c77d620;
LS_0x558b2c77d6c0_1_0 .concat [ 4 4 4 4], LS_0x558b2c77d6c0_0_0, LS_0x558b2c77d6c0_0_4, LS_0x558b2c77d6c0_0_8, LS_0x558b2c77d6c0_0_12;
LS_0x558b2c77d6c0_1_4 .concat [ 4 1 0 0], LS_0x558b2c77d6c0_0_16, LS_0x558b2c77d6c0_0_20;
L_0x558b2c77d6c0 .concat [ 16 5 0 0], LS_0x558b2c77d6c0_1_0, LS_0x558b2c77d6c0_1_4;
L_0x558b2c77daa0 .part v0x558b2c74fe30_0, 23, 6;
L_0x558b2c77db40 .part v0x558b2c74fe30_0, 5, 5;
L_0x558b2c77dc60 .concat [ 5 6 21 0], L_0x558b2c77db40, L_0x558b2c77daa0, L_0x558b2c77d6c0;
L_0x558b2c77de00 .part v0x558b2c74fe30_0, 29, 1;
LS_0x558b2c77df30_0_0 .concat [ 1 1 1 1], L_0x558b2c77de00, L_0x558b2c77de00, L_0x558b2c77de00, L_0x558b2c77de00;
LS_0x558b2c77df30_0_4 .concat [ 1 1 1 1], L_0x558b2c77de00, L_0x558b2c77de00, L_0x558b2c77de00, L_0x558b2c77de00;
LS_0x558b2c77df30_0_8 .concat [ 1 1 1 1], L_0x558b2c77de00, L_0x558b2c77de00, L_0x558b2c77de00, L_0x558b2c77de00;
LS_0x558b2c77df30_0_12 .concat [ 1 1 1 1], L_0x558b2c77de00, L_0x558b2c77de00, L_0x558b2c77de00, L_0x558b2c77de00;
LS_0x558b2c77df30_0_16 .concat [ 1 1 1 1], L_0x558b2c77de00, L_0x558b2c77de00, L_0x558b2c77de00, L_0x558b2c77de00;
LS_0x558b2c77df30_1_0 .concat [ 4 4 4 4], LS_0x558b2c77df30_0_0, LS_0x558b2c77df30_0_4, LS_0x558b2c77df30_0_8, LS_0x558b2c77df30_0_12;
LS_0x558b2c77df30_1_4 .concat [ 4 0 0 0], LS_0x558b2c77df30_0_16;
L_0x558b2c77df30 .concat [ 16 4 0 0], LS_0x558b2c77df30_1_0, LS_0x558b2c77df30_1_4;
L_0x558b2c77e3f0 .part v0x558b2c74fe30_0, 5, 1;
L_0x558b2c77e530 .part v0x558b2c74fe30_0, 23, 6;
L_0x558b2c77e5d0 .part v0x558b2c74fe30_0, 6, 4;
LS_0x558b2c77e490_0_0 .concat [ 1 4 6 1], L_0x7f1d42b550a8, L_0x558b2c77e5d0, L_0x558b2c77e530, L_0x558b2c77e3f0;
LS_0x558b2c77e490_0_4 .concat [ 20 0 0 0], L_0x558b2c77df30;
L_0x558b2c77e490 .concat [ 12 20 0 0], LS_0x558b2c77e490_0_0, LS_0x558b2c77e490_0_4;
L_0x558b2c77e890 .part v0x558b2c74fe30_0, 29, 1;
LS_0x558b2c77e670_0_0 .concat [ 1 1 1 1], L_0x558b2c77e890, L_0x558b2c77e890, L_0x558b2c77e890, L_0x558b2c77e890;
LS_0x558b2c77e670_0_4 .concat [ 1 1 1 1], L_0x558b2c77e890, L_0x558b2c77e890, L_0x558b2c77e890, L_0x558b2c77e890;
LS_0x558b2c77e670_0_8 .concat [ 1 1 1 1], L_0x558b2c77e890, L_0x558b2c77e890, L_0x558b2c77e890, L_0x558b2c77e890;
L_0x558b2c77e670 .concat [ 4 4 4 0], LS_0x558b2c77e670_0_0, LS_0x558b2c77e670_0_4, LS_0x558b2c77e670_0_8;
L_0x558b2c77ea40 .part v0x558b2c74fe30_0, 10, 8;
L_0x558b2c77e930 .part v0x558b2c74fe30_0, 18, 1;
L_0x558b2c77edc0 .part v0x558b2c74fe30_0, 19, 10;
LS_0x558b2c77eae0_0_0 .concat [ 1 10 1 8], L_0x7f1d42b550f0, L_0x558b2c77edc0, L_0x558b2c77e930, L_0x558b2c77ea40;
LS_0x558b2c77eae0_0_4 .concat [ 12 0 0 0], L_0x558b2c77e670;
L_0x558b2c77eae0 .concat [ 20 12 0 0], LS_0x558b2c77eae0_0_0, LS_0x558b2c77eae0_0_4;
L_0x558b2c77f0c0 .part v0x558b2c74fe30_0, 0, 5;
L_0x558b2c77f250 .cmp/eq 5, L_0x558b2c77f0c0, L_0x7f1d42b55138;
L_0x558b2c77f340 .part v0x558b2c74fe30_0, 0, 5;
L_0x558b2c77f160 .cmp/eq 5, L_0x558b2c77f340, L_0x7f1d42b55180;
L_0x558b2c77f530 .part v0x558b2c74fe30_0, 0, 5;
L_0x558b2c77f3e0 .cmp/eq 5, L_0x558b2c77f530, L_0x7f1d42b551c8;
L_0x558b2c77f730 .part v0x558b2c74fe30_0, 0, 5;
L_0x558b2c77f5d0 .cmp/eq 5, L_0x558b2c77f730, L_0x7f1d42b55210;
L_0x558b2c77f940 .part v0x558b2c74fe30_0, 0, 5;
L_0x558b2c77f7d0 .cmp/eq 5, L_0x558b2c77f940, L_0x7f1d42b55258;
L_0x558b2c77fb10 .part v0x558b2c74fe30_0, 0, 5;
L_0x558b2c77f9e0 .cmp/eq 5, L_0x558b2c77fb10, L_0x7f1d42b552a0;
L_0x558b2c77fd40 .part v0x558b2c74fe30_0, 0, 5;
L_0x558b2c77fbb0 .cmp/eq 5, L_0x558b2c77fd40, L_0x7f1d42b552e8;
L_0x558b2c77ff80 .part v0x558b2c74fe30_0, 0, 5;
L_0x558b2c77fde0 .cmp/eq 5, L_0x558b2c77ff80, L_0x7f1d42b55330;
L_0x558b2c7801d0 .part v0x558b2c74fe30_0, 0, 5;
L_0x558b2c780020 .cmp/eq 5, L_0x558b2c7801d0, L_0x7f1d42b55378;
L_0x558b2c7803e0 .part v0x558b2c74fe30_0, 0, 5;
L_0x558b2c780270 .cmp/eq 5, L_0x558b2c7803e0, L_0x7f1d42b553c0;
L_0x558b2c780840 .functor MUXZ 32, L_0x558b2c77d4d0, v0x558b2c751d20_0, L_0x558b2c780780, C4<>;
L_0x558b2c780520 .reduce/or v0x558b2c74f950_0;
L_0x558b2c780a70 .arith/sum 32, L_0x558b2c780710, L_0x558b2c780840;
L_0x558b2c780910 .concat [ 32 1 0 0], L_0x558b2c780b10, L_0x7f1d42b55408;
L_0x558b2c780e10 .concat [ 32 1 0 0], L_0x558b2c780710, L_0x7f1d42b55450;
L_0x558b2c780c20 .arith/sum 33, L_0x558b2c780910, L_0x558b2c780e10;
L_0x558b2c781100 .arith/sum 33, L_0x558b2c780c20, L_0x7f1d42b55498;
L_0x558b2c780f00 .part L_0x558b2c780710, 31, 1;
L_0x558b2c780fa0 .part L_0x558b2c780840, 31, 1;
L_0x558b2c781410 .part L_0x558b2c780710, 31, 1;
L_0x558b2c7814b0 .part L_0x558b2c781100, 32, 1;
L_0x558b2c781240 .functor MUXZ 1, L_0x558b2c7814b0, L_0x558b2c781410, L_0x558b2c780cc0, C4<>;
L_0x558b2c781780 .part L_0x558b2c781100, 32, 1;
L_0x558b2c7815a0 .part L_0x558b2c781100, 0, 32;
L_0x558b2c7816d0 .cmp/eq 32, L_0x558b2c7815a0, L_0x7f1d42b554e0;
L_0x558b2c781820 .part v0x558b2c751c40_0, 0, 24;
L_0x558b2c781910 .part v0x558b2c74fe30_0, 3, 1;
L_0x558b2c781c70 .part L_0x558b2c77dc60, 0, 24;
L_0x558b2c781d10 .part L_0x558b2c77d4d0, 0, 24;
L_0x558b2c781a60 .functor MUXZ 24, L_0x558b2c781d10, L_0x558b2c781c70, L_0x558b2c781910, C4<>;
L_0x558b2c781fd0 .arith/sum 24, L_0x558b2c781820, L_0x558b2c781a60;
L_0x558b2c781db0 .part v0x558b2c751e00_0, 1, 1;
L_0x558b2c781e50 .part v0x558b2c751e00_0, 0, 1;
L_0x558b2c7823c0 .functor MUXZ 24, L_0x558b2c781fd0, v0x558b2c741d40_0, L_0x558b2c782070, C4<>;
L_0x558b2c782500 .concat [ 24 8 0 0], L_0x558b2c7823c0, L_0x7f1d42b55528;
L_0x558b2c782130 .part L_0x558b2c781fd0, 1, 1;
L_0x558b2c7821d0 .part v0x558b2c76b800_0, 16, 16;
L_0x558b2c7822c0 .part v0x558b2c76b800_0, 0, 16;
L_0x558b2c7828a0 .functor MUXZ 16, L_0x558b2c7822c0, L_0x558b2c7821d0, L_0x558b2c782130, C4<>;
L_0x558b2c782730 .part L_0x558b2c781fd0, 0, 1;
L_0x558b2c782bb0 .part L_0x558b2c7828a0, 8, 8;
L_0x558b2c782940 .part L_0x558b2c7828a0, 0, 8;
L_0x558b2c7829e0 .functor MUXZ 8, L_0x558b2c782940, L_0x558b2c782bb0, L_0x558b2c782730, C4<>;
L_0x558b2c782ee0 .part v0x558b2c74fe30_0, 10, 2;
L_0x558b2c782f80 .cmp/eq 2, L_0x558b2c782ee0, L_0x7f1d42b55570;
L_0x558b2c782c50 .part v0x558b2c74fe30_0, 10, 2;
L_0x558b2c782cf0 .cmp/eq 2, L_0x558b2c782c50, L_0x7f1d42b555b8;
L_0x558b2c782e30 .part v0x558b2c74fe30_0, 12, 1;
L_0x558b2c783370 .reduce/nor L_0x558b2c782e30;
L_0x558b2c7830c0 .part L_0x558b2c7829e0, 7, 1;
L_0x558b2c7831b0 .part L_0x558b2c7828a0, 15, 1;
L_0x558b2c783730 .functor MUXZ 1, L_0x558b2c7831b0, L_0x558b2c7830c0, L_0x558b2c782f80, C4<>;
LS_0x558b2c783930_0_0 .concat [ 1 1 1 1], L_0x558b2c783820, L_0x558b2c783820, L_0x558b2c783820, L_0x558b2c783820;
LS_0x558b2c783930_0_4 .concat [ 1 1 1 1], L_0x558b2c783820, L_0x558b2c783820, L_0x558b2c783820, L_0x558b2c783820;
LS_0x558b2c783930_0_8 .concat [ 1 1 1 1], L_0x558b2c783820, L_0x558b2c783820, L_0x558b2c783820, L_0x558b2c783820;
LS_0x558b2c783930_0_12 .concat [ 1 1 1 1], L_0x558b2c783820, L_0x558b2c783820, L_0x558b2c783820, L_0x558b2c783820;
LS_0x558b2c783930_0_16 .concat [ 1 1 1 1], L_0x558b2c783820, L_0x558b2c783820, L_0x558b2c783820, L_0x558b2c783820;
LS_0x558b2c783930_0_20 .concat [ 1 1 1 1], L_0x558b2c783820, L_0x558b2c783820, L_0x558b2c783820, L_0x558b2c783820;
LS_0x558b2c783930_1_0 .concat [ 4 4 4 4], LS_0x558b2c783930_0_0, LS_0x558b2c783930_0_4, LS_0x558b2c783930_0_8, LS_0x558b2c783930_0_12;
LS_0x558b2c783930_1_4 .concat [ 4 4 0 0], LS_0x558b2c783930_0_16, LS_0x558b2c783930_0_20;
L_0x558b2c783930 .concat [ 16 8 0 0], LS_0x558b2c783930_1_0, LS_0x558b2c783930_1_4;
L_0x558b2c783460 .concat [ 8 24 0 0], L_0x558b2c7829e0, L_0x558b2c783930;
LS_0x558b2c783500_0_0 .concat [ 1 1 1 1], L_0x558b2c783820, L_0x558b2c783820, L_0x558b2c783820, L_0x558b2c783820;
LS_0x558b2c783500_0_4 .concat [ 1 1 1 1], L_0x558b2c783820, L_0x558b2c783820, L_0x558b2c783820, L_0x558b2c783820;
LS_0x558b2c783500_0_8 .concat [ 1 1 1 1], L_0x558b2c783820, L_0x558b2c783820, L_0x558b2c783820, L_0x558b2c783820;
LS_0x558b2c783500_0_12 .concat [ 1 1 1 1], L_0x558b2c783820, L_0x558b2c783820, L_0x558b2c783820, L_0x558b2c783820;
L_0x558b2c783500 .concat [ 4 4 4 4], LS_0x558b2c783500_0_0, LS_0x558b2c783500_0_4, LS_0x558b2c783500_0_8, LS_0x558b2c783500_0_12;
L_0x558b2c7835a0 .concat [ 16 16 0 0], L_0x558b2c7828a0, L_0x558b2c783500;
L_0x558b2c783690 .functor MUXZ 32, v0x558b2c76b800_0, L_0x558b2c7835a0, L_0x558b2c782cf0, C4<>;
L_0x558b2c784280 .functor MUXZ 32, L_0x558b2c783690, L_0x558b2c783460, L_0x558b2c782f80, C4<>;
L_0x558b2c7843c0 .part v0x558b2c751d20_0, 0, 8;
L_0x558b2c783ea0 .part L_0x558b2c781fd0, 0, 1;
L_0x558b2c783f40 .part v0x558b2c751d20_0, 0, 8;
L_0x558b2c783fe0 .part v0x558b2c751d20_0, 8, 8;
L_0x558b2c7847d0 .functor MUXZ 8, L_0x558b2c783fe0, L_0x558b2c783f40, L_0x558b2c783ea0, C4<>;
L_0x558b2c784500 .part L_0x558b2c781fd0, 1, 1;
L_0x558b2c7845a0 .part v0x558b2c751d20_0, 0, 8;
L_0x558b2c784640 .part v0x558b2c751d20_0, 16, 8;
L_0x558b2c7846e0 .functor MUXZ 8, L_0x558b2c784640, L_0x558b2c7845a0, L_0x558b2c784500, C4<>;
L_0x558b2c784c60 .concat8 [ 8 8 8 8], L_0x558b2c7843c0, L_0x558b2c7847d0, L_0x558b2c7846e0, L_0x558b2c785090;
L_0x558b2c784e30 .part L_0x558b2c781fd0, 0, 1;
L_0x558b2c784870 .part v0x558b2c751d20_0, 0, 8;
L_0x558b2c784910 .part L_0x558b2c781fd0, 1, 1;
L_0x558b2c7849b0 .part v0x558b2c751d20_0, 8, 8;
L_0x558b2c785240 .part v0x558b2c751d20_0, 24, 8;
L_0x558b2c784ed0 .functor MUXZ 8, L_0x558b2c785240, L_0x558b2c7849b0, L_0x558b2c784910, C4<>;
L_0x558b2c785090 .functor MUXZ 8, L_0x558b2c784ed0, L_0x558b2c784870, L_0x558b2c784e30, C4<>;
L_0x558b2c785670 .part L_0x558b2c76c880, 1, 1;
L_0x558b2c785760 .part L_0x558b2c76c880, 5, 1;
L_0x558b2c785440 .part L_0x558b2c76c880, 0, 1;
L_0x558b2c7854e0 .part v0x558b2c74fe30_0, 28, 1;
L_0x558b2c785580 .part v0x558b2c74fe30_0, 3, 1;
L_0x558b2c785800 .part L_0x558b2c781100, 0, 32;
L_0x558b2c7858a0 .functor MUXZ 32, L_0x558b2c780a70, L_0x558b2c785800, L_0x558b2c77dbe0, C4<>;
L_0x558b2c785a30 .functor MUXZ 32, L_0x7f1d42b55600, L_0x558b2c7858a0, L_0x558b2c785440, C4<>;
L_0x558b2c786380 .part L_0x558b2c76c880, 2, 1;
L_0x558b2c786420 .concat [ 1 31 0 0], L_0x558b2c781240, L_0x7f1d42b55648;
L_0x558b2c785fb0 .functor MUXZ 32, L_0x7f1d42b55690, L_0x558b2c786420, L_0x558b2c786380, C4<>;
L_0x558b2c7862b0 .part L_0x558b2c76c880, 3, 1;
L_0x558b2c786950 .concat [ 1 31 0 0], L_0x558b2c781780, L_0x7f1d42b556d8;
L_0x558b2c786a40 .functor MUXZ 32, L_0x7f1d42b55720, L_0x558b2c786950, L_0x558b2c7862b0, C4<>;
L_0x558b2c786760 .part L_0x558b2c76c880, 4, 1;
L_0x558b2c786ee0 .functor MUXZ 32, L_0x7f1d42b55768, L_0x558b2c786800, L_0x558b2c786760, C4<>;
L_0x558b2c786c40 .part L_0x558b2c76c880, 6, 1;
L_0x558b2c787390 .functor MUXZ 32, L_0x7f1d42b557b0, L_0x558b2c786df0, L_0x558b2c786c40, C4<>;
L_0x558b2c787130 .part L_0x558b2c76c880, 7, 1;
L_0x558b2c7878e0 .functor MUXZ 32, L_0x7f1d42b557f8, L_0x558b2c7871d0, L_0x558b2c787130, C4<>;
L_0x558b2c7875e0 .functor MUXZ 32, L_0x7f1d42b55840, v0x558b2c74f870_0, L_0x558b2c7852e0, C4<>;
L_0x558b2c787830 .part v0x558b2c74fe30_0, 1, 1;
L_0x558b2c787980 .part L_0x558b2c77eae0, 0, 24;
L_0x558b2c787a70 .part v0x558b2c74fe30_0, 2, 1;
L_0x558b2c787b10 .part L_0x558b2c77cc00, 0, 24;
L_0x558b2c787c00 .part L_0x558b2c77e490, 0, 24;
L_0x558b2c787cf0 .functor MUXZ 24, L_0x558b2c787c00, L_0x558b2c787b10, L_0x558b2c787a70, C4<>;
L_0x558b2c7883a0 .functor MUXZ 24, L_0x558b2c787cf0, L_0x558b2c787980, L_0x558b2c787830, C4<>;
L_0x558b2c787f40 .arith/sum 24, v0x558b2c741d40_0, L_0x558b2c7883a0;
L_0x558b2c7880f0 .arith/sum 24, v0x558b2c741d40_0, L_0x7f1d42b55888;
L_0x558b2c787d90 .part v0x558b2c751e00_0, 2, 1;
L_0x558b2c7889c0 .part v0x558b2c751e00_0, 3, 1;
L_0x558b2c7886d0 .functor MUXZ 32, L_0x7f1d42b558d0, v0x558b2c74fbb0_0, L_0x558b2c780270, C4<>;
L_0x558b2c788910 .functor MUXZ 32, L_0x7f1d42b55918, L_0x558b2c77cc00, L_0x558b2c77f9e0, C4<>;
L_0x558b2c789010 .functor MUXZ 32, L_0x7f1d42b55960, L_0x558b2c787720, L_0x558b2c780600, C4<>;
L_0x558b2c788610 .concat [ 24 8 0 0], L_0x558b2c787f40, L_0x7f1d42b559a8;
L_0x558b2c788a60 .functor MUXZ 32, L_0x7f1d42b559f0, L_0x558b2c788610, L_0x558b2c77f3e0, C4<>;
L_0x558b2c7892b0 .concat [ 24 8 0 0], L_0x558b2c7880f0, L_0x7f1d42b55a38;
L_0x558b2c789420 .functor MUXZ 32, L_0x7f1d42b55a80, L_0x558b2c7892b0, L_0x558b2c788d00, C4<>;
L_0x558b2c7896c0 .functor MUXZ 32, L_0x7f1d42b55ac8, L_0x558b2c784280, L_0x558b2c77f250, C4<>;
L_0x558b2c789ee0 .part L_0x558b2c76c880, 0, 1;
L_0x558b2c78a040 .part L_0x558b2c76c880, 1, 1;
L_0x558b2c789970 .reduce/nor L_0x558b2c7816d0;
L_0x558b2c789d30 .part L_0x558b2c76c880, 4, 1;
L_0x558b2c78a6e0 .part L_0x558b2c76c880, 5, 1;
L_0x558b2c78a780 .reduce/nor L_0x558b2c781240;
L_0x558b2c78a3d0 .part L_0x558b2c76c880, 6, 1;
L_0x558b2c78a1f0 .part L_0x558b2c76c880, 7, 1;
L_0x558b2c78ad30 .reduce/nor L_0x558b2c781780;
L_0x558b2c78afd0 .part L_0x558b2c781fd0, 1, 1;
L_0x558b2c78a820 .part L_0x558b2c781fd0, 0, 1;
L_0x558b2c78a8c0 .functor MUXZ 4, L_0x7f1d42b55b58, L_0x7f1d42b55b10, L_0x558b2c78a820, C4<>;
L_0x558b2c78aa50 .part L_0x558b2c781fd0, 0, 1;
L_0x558b2c78aaf0 .functor MUXZ 4, L_0x7f1d42b55be8, L_0x7f1d42b55ba0, L_0x558b2c78aa50, C4<>;
L_0x558b2c78ac80 .functor MUXZ 4, L_0x558b2c78aaf0, L_0x558b2c78a8c0, L_0x558b2c78afd0, C4<>;
L_0x558b2c78b6a0 .part L_0x558b2c781fd0, 1, 1;
L_0x558b2c78b070 .functor MUXZ 4, L_0x7f1d42b55c78, L_0x7f1d42b55c30, L_0x558b2c78b6a0, C4<>;
L_0x558b2c78b200 .functor MUXZ 4, L_0x7f1d42b55cc0, L_0x558b2c78b070, L_0x558b2c782cf0, C4<>;
L_0x558b2c78b340 .functor MUXZ 4, L_0x558b2c78b200, L_0x558b2c78ac80, L_0x558b2c782f80, C4<>;
L_0x558b2c78b4c0 .part v0x558b2c751e00_0, 2, 1;
L_0x558b2c78ae90 .part v0x558b2c751e00_0, 0, 1;
L_0x558b2c78bf60 .part v0x558b2c751e00_0, 2, 1;
L_0x558b2c78b960 .concat [ 1 1 1 1], L_0x558b2c78b740, L_0x558b2c78b740, L_0x558b2c78b740, L_0x558b2c78b740;
L_0x558b2c78bbf0 .part v0x558b2c751e00_0, 2, 1;
S_0x558b2c706060 .scope module, "RAM" "bram" 3 37, 5 3 0, S_0x558b2c704ae0;
 .timescale -9 -12;
    .port_info 0 /INPUT 1 "clk";
    .port_info 1 /INPUT 32 "mem_addr";
    .port_info 2 /OUTPUT 32 "mem_rdata";
    .port_info 3 /INPUT 1 "mem_rstrb";
    .port_info 4 /INPUT 32 "mem_wdata";
    .port_info 5 /INPUT 4 "mem_wmask";
v0x558b2c752260 .array "MEM", 2047 0, 31 0;
v0x558b2c752320_0 .net "clk", 0 0, v0x558b2c76c190_0;  alias, 1 drivers
v0x558b2c7523e0_0 .net "mem_addr", 31 0, L_0x558b2c782500;  alias, 1 drivers
v0x558b2c7524e0_0 .var "mem_rdata", 31 0;
v0x558b2c752580_0 .net "mem_rstrb", 0 0, L_0x558b2c78cc90;  1 drivers
v0x558b2c752690_0 .net "mem_wdata", 31 0, L_0x558b2c784c60;  alias, 1 drivers
v0x558b2c752750_0 .net "mem_wmask", 3 0, L_0x558b2c78cf20;  1 drivers
v0x558b2c752810_0 .net "word_addr", 29 0, L_0x558b2c78cac0;  1 drivers
L_0x558b2c78cac0 .part L_0x558b2c782500, 2, 30;
S_0x558b2c706c10 .scope module, "bcd2bin0" "peripheral_bcd2bin" 3 85, 6 1 0, S_0x558b2c704ae0;
 .timescale -9 -12;
    .port_info 0 /INPUT 1 "clk";
    .port_info 1 /INPUT 1 "reset";
    .port_info 2 /INPUT 20 "d_in";
    .port_info 3 /INPUT 1 "cs";
    .port_info 4 /INPUT 5 "addr";
    .port_info 5 /INPUT 1 "rd";
    .port_info 6 /INPUT 1 "wr";
    .port_info 7 /OUTPUT 32 "d_out";
v0x558b2c75ad40_0 .var "A", 19 0;
v0x558b2c75ae70_0 .net "addr", 4 0, L_0x558b2c790b40;  1 drivers
v0x558b2c75af50_0 .net "clk", 0 0, v0x558b2c76c190_0;  alias, 1 drivers
v0x558b2c75aff0_0 .net "cs", 0 0, L_0x558b2c790a70;  1 drivers
v0x558b2c75b090_0 .net "d_in", 19 0, L_0x558b2c7909a0;  1 drivers
v0x558b2c75b1c0_0 .var "d_out", 31 0;
v0x558b2c75b2a0_0 .net "done", 0 0, v0x558b2c755330_0;  1 drivers
v0x558b2c75b390_0 .var "init", 0 0;
v0x558b2c75b480_0 .net "rd", 0 0, L_0x558b2c78c6a0;  alias, 1 drivers
v0x558b2c75b5d0_0 .net "reset", 0 0, L_0x558b2c790900;  1 drivers
v0x558b2c75b670_0 .net "result", 15 0, L_0x558b2c78f640;  1 drivers
v0x558b2c75b780_0 .var "s", 4 0;
v0x558b2c75b860_0 .net "wr", 0 0, L_0x558b2c78c600;  alias, 1 drivers
E_0x558b2c7400c0 .event anyedge, v0x558b2c75aff0_0, v0x558b2c75ae70_0;
S_0x558b2c7077c0 .scope module, "bcd2bin0" "bcd2bin" 6 61, 7 1 0, S_0x558b2c706c10;
 .timescale -9 -12;
    .port_info 0 /INPUT 1 "clk";
    .port_info 1 /INPUT 1 "rst";
    .port_info 2 /INPUT 1 "init";
    .port_info 3 /INPUT 20 "A";
    .port_info 4 /OUTPUT 16 "result";
    .port_info 5 /OUTPUT 1 "done";
v0x558b2c759850_0 .net "A", 19 0, v0x558b2c75ad40_0;  1 drivers
v0x558b2c759930_0 .net *"_ivl_1", 0 0, L_0x558b2c78efc0;  1 drivers
v0x558b2c7599f0_0 .net *"_ivl_3", 0 0, L_0x558b2c78f090;  1 drivers
v0x558b2c759ae0_0 .net *"_ivl_5", 0 0, L_0x558b2c78f130;  1 drivers
v0x558b2c759bc0_0 .net *"_ivl_7", 0 0, L_0x558b2c78f290;  1 drivers
v0x558b2c759ca0_0 .net *"_ivl_9", 0 0, L_0x558b2c78f390;  1 drivers
v0x558b2c759d80_0 .net "clk", 0 0, v0x558b2c76c190_0;  alias, 1 drivers
v0x558b2c759e20_0 .net "done", 0 0, v0x558b2c755330_0;  alias, 1 drivers
v0x558b2c759ec0_0 .net "init", 0 0, v0x558b2c75b390_0;  1 drivers
v0x558b2c75a020_0 .net "result", 15 0, L_0x558b2c78f640;  alias, 1 drivers
v0x558b2c75a0f0_0 .net "rst", 0 0, L_0x558b2c790900;  alias, 1 drivers
v0x558b2c75a1c0_0 .net "w_LD", 4 0, v0x558b2c758a40_0;  1 drivers
v0x558b2c75a260_0 .net "w_MSB", 4 0, L_0x558b2c78f460;  1 drivers
v0x558b2c75a300_0 .net "w_MUX", 19 0, L_0x558b2c7900e0;  1 drivers
v0x558b2c75a3a0_0 .net "w_add", 0 0, v0x558b2c7550a0_0;  1 drivers
v0x558b2c75a490_0 .net "w_cen", 3 0, L_0x558b2c78f9b0;  1 drivers
v0x558b2c75a550_0 .net "w_dec", 3 0, L_0x558b2c78fb30;  1 drivers
v0x558b2c75a620_0 .net "w_dmi", 3 0, L_0x558b2c78f730;  1 drivers
v0x558b2c75a6f0_0 .net "w_ld", 0 0, v0x558b2c755500_0;  1 drivers
v0x558b2c75a790_0 .net "w_ld_in", 19 0, L_0x558b2c7906d0;  1 drivers
v0x558b2c75a860_0 .net "w_ld_msb", 0 0, v0x558b2c7555c0_0;  1 drivers
v0x558b2c75a900_0 .net "w_sel", 0 0, v0x558b2c755740_0;  1 drivers
v0x558b2c75a9a0_0 .net "w_sh", 0 0, v0x558b2c755800_0;  1 drivers
v0x558b2c75aa40_0 .net "w_umi", 3 0, L_0x558b2c78f870;  1 drivers
v0x558b2c75aae0_0 .net "w_uni", 3 0, L_0x558b2c78fc30;  1 drivers
v0x558b2c75abb0_0 .net "w_z", 0 0, v0x558b2c756200_0;  1 drivers
L_0x558b2c78efc0 .part L_0x558b2c7906d0, 19, 1;
L_0x558b2c78f090 .part L_0x558b2c7906d0, 15, 1;
L_0x558b2c78f130 .part L_0x558b2c7906d0, 11, 1;
L_0x558b2c78f290 .part L_0x558b2c7906d0, 7, 1;
L_0x558b2c78f390 .part L_0x558b2c7906d0, 3, 1;
LS_0x558b2c78f460_0_0 .concat [ 1 1 1 1], L_0x558b2c78f390, L_0x558b2c78f290, L_0x558b2c78f130, L_0x558b2c78f090;
LS_0x558b2c78f460_0_4 .concat [ 1 0 0 0], L_0x558b2c78efc0;
L_0x558b2c78f460 .concat [ 4 1 0 0], LS_0x558b2c78f460_0_0, LS_0x558b2c78f460_0_4;
L_0x558b2c78f730 .part L_0x558b2c78f5a0, 16, 4;
L_0x558b2c78f870 .part L_0x558b2c78f5a0, 12, 4;
L_0x558b2c78f9b0 .part L_0x558b2c78f5a0, 8, 4;
L_0x558b2c78fb30 .part L_0x558b2c78f5a0, 4, 4;
L_0x558b2c78fc30 .part L_0x558b2c78f5a0, 0, 4;
LS_0x558b2c7900e0_0_0 .concat8 [ 4 4 4 4], v0x558b2c756760_0, v0x558b2c756df0_0, v0x558b2c757440_0, v0x558b2c757ac0_0;
LS_0x558b2c7900e0_0_4 .concat8 [ 4 0 0 0], v0x558b2c7580f0_0;
L_0x558b2c7900e0 .concat8 [ 16 4 0 0], LS_0x558b2c7900e0_0_0, LS_0x558b2c7900e0_0_4;
L_0x558b2c790180 .part L_0x558b2c7900e0, 0, 4;
L_0x558b2c7902a0 .part L_0x558b2c7900e0, 4, 4;
L_0x558b2c790340 .part L_0x558b2c7900e0, 8, 4;
L_0x558b2c7904a0 .part L_0x558b2c7900e0, 12, 4;
L_0x558b2c790600 .part L_0x558b2c7900e0, 16, 4;
LS_0x558b2c7906d0_0_0 .concat8 [ 4 4 4 4], v0x558b2c752db0_0, v0x558b2c7533b0_0, v0x558b2c7539c0_0, v0x558b2c753fc0_0;
LS_0x558b2c7906d0_0_4 .concat8 [ 4 0 0 0], v0x558b2c754610_0;
L_0x558b2c7906d0 .concat8 [ 16 4 0 0], LS_0x558b2c7906d0_0_0, LS_0x558b2c7906d0_0_4;
S_0x558b2c72f6e0 .scope module, "comp0" "add_sub_c2" 7 35, 8 1 0, S_0x558b2c7077c0;
 .timescale -9 -12;
    .port_info 0 /INPUT 4 "in_A";
    .port_info 1 /INPUT 4 "in_B";
    .port_info 2 /OUTPUT 4 "Result";
v0x558b2c752db0_0 .var "Result", 3 0;
v0x558b2c752eb0_0 .net "in_A", 3 0, L_0x558b2c78fc30;  alias, 1 drivers
v0x558b2c752f90_0 .net "in_B", 3 0, L_0x558b2c790180;  1 drivers
E_0x558b2c752d30 .event anyedge, v0x558b2c752eb0_0, v0x558b2c752f90_0;
S_0x558b2c753100 .scope module, "comp1" "add_sub_c2" 7 36, 8 1 0, S_0x558b2c7077c0;
 .timescale -9 -12;
    .port_info 0 /INPUT 4 "in_A";
    .port_info 1 /INPUT 4 "in_B";
    .port_info 2 /OUTPUT 4 "Result";
v0x558b2c7533b0_0 .var "Result", 3 0;
v0x558b2c7534b0_0 .net "in_A", 3 0, L_0x558b2c78fb30;  alias, 1 drivers
v0x558b2c753590_0 .net "in_B", 3 0, L_0x558b2c7902a0;  1 drivers
E_0x558b2c753330 .event anyedge, v0x558b2c7534b0_0, v0x558b2c753590_0;
S_0x558b2c753700 .scope module, "comp2" "add_sub_c2" 7 37, 8 1 0, S_0x558b2c7077c0;
 .timescale -9 -12;
    .port_info 0 /INPUT 4 "in_A";
    .port_info 1 /INPUT 4 "in_B";
    .port_info 2 /OUTPUT 4 "Result";
v0x558b2c7539c0_0 .var "Result", 3 0;
v0x558b2c753ac0_0 .net "in_A", 3 0, L_0x558b2c78f9b0;  alias, 1 drivers
v0x558b2c753ba0_0 .net "in_B", 3 0, L_0x558b2c790340;  1 drivers
E_0x558b2c753960 .event anyedge, v0x558b2c753ac0_0, v0x558b2c753ba0_0;
S_0x558b2c753d10 .scope module, "comp3" "add_sub_c2" 7 38, 8 1 0, S_0x558b2c7077c0;
 .timescale -9 -12;
    .port_info 0 /INPUT 4 "in_A";
    .port_info 1 /INPUT 4 "in_B";
    .port_info 2 /OUTPUT 4 "Result";
v0x558b2c753fc0_0 .var "Result", 3 0;
v0x558b2c7540c0_0 .net "in_A", 3 0, L_0x558b2c78f870;  alias, 1 drivers
v0x558b2c7541a0_0 .net "in_B", 3 0, L_0x558b2c7904a0;  1 drivers
E_0x558b2c753f40 .event anyedge, v0x558b2c7540c0_0, v0x558b2c7541a0_0;
S_0x558b2c754310 .scope module, "comp4" "add_sub_c2" 7 39, 8 1 0, S_0x558b2c7077c0;
 .timescale -9 -12;
    .port_info 0 /INPUT 4 "in_A";
    .port_info 1 /INPUT 4 "in_B";
    .port_info 2 /OUTPUT 4 "Result";
v0x558b2c754610_0 .var "Result", 3 0;
v0x558b2c754710_0 .net "in_A", 3 0, L_0x558b2c78f730;  alias, 1 drivers
v0x558b2c7547f0_0 .net "in_B", 3 0, L_0x558b2c790600;  1 drivers
E_0x558b2c754590 .event anyedge, v0x558b2c754710_0, v0x558b2c7547f0_0;
S_0x558b2c754930 .scope module, "control0" "ctrl_b2b" 7 43, 9 1 0, S_0x558b2c7077c0;
 .timescale -9 -12;
    .port_info 0 /INPUT 1 "clk";
    .port_info 1 /INPUT 1 "rst";
    .port_info 2 /INPUT 1 "init";
    .port_info 3 /OUTPUT 1 "done";
    .port_info 4 /OUTPUT 1 "sh";
    .port_info 5 /OUTPUT 1 "ld";
    .port_info 6 /OUTPUT 1 "sel";
    .port_info 7 /OUTPUT 1 "ld_msb";
    .port_info 8 /OUTPUT 1 "add";
    .port_info 9 /INPUT 1 "z";
P_0x558b2c754b10 .param/l "ADD" 0 9 17, C4<011>;
P_0x558b2c754b50 .param/l "CHECK" 0 9 15, C4<001>;
P_0x558b2c754b90 .param/l "END1" 0 9 19, C4<101>;
P_0x558b2c754bd0 .param/l "LOAD_A2" 0 9 18, C4<100>;
P_0x558b2c754c10 .param/l "SHIFT_DEC" 0 9 16, C4<010>;
P_0x558b2c754c50 .param/l "START" 0 9 14, C4<000>;
v0x558b2c7550a0_0 .var "add", 0 0;
v0x558b2c755180_0 .net "clk", 0 0, v0x558b2c76c190_0;  alias, 1 drivers
v0x558b2c755290_0 .var "count", 5 0;
v0x558b2c755330_0 .var "done", 0 0;
v0x558b2c7553f0_0 .net "init", 0 0, v0x558b2c75b390_0;  alias, 1 drivers
v0x558b2c755500_0 .var "ld", 0 0;
v0x558b2c7555c0_0 .var "ld_msb", 0 0;
v0x558b2c755680_0 .net "rst", 0 0, L_0x558b2c790900;  alias, 1 drivers
v0x558b2c755740_0 .var "sel", 0 0;
v0x558b2c755800_0 .var "sh", 0 0;
v0x558b2c7558c0_0 .var "state", 2 0;
v0x558b2c7559a0_0 .var "state_name", 320 1;
v0x558b2c755a80_0 .net "z", 0 0, v0x558b2c756200_0;  alias, 1 drivers
E_0x558b2c755040 .event anyedge, v0x558b2c7558c0_0;
S_0x558b2c755c80 .scope module, "count0" "cnt_bin2bcd" 7 42, 10 1 0, S_0x558b2c7077c0;
 .timescale -9 -12;
    .port_info 0 /INPUT 1 "clk";
    .port_info 1 /INPUT 1 "ld";
    .port_info 2 /INPUT 1 "dec";
    .port_info 3 /OUTPUT 1 "z";
v0x558b2c755e90_0 .net "clk", 0 0, v0x558b2c76c190_0;  alias, 1 drivers
v0x558b2c755f50_0 .var "cont", 4 0;
v0x558b2c756030_0 .net "dec", 0 0, v0x558b2c755800_0;  alias, 1 drivers
v0x558b2c756130_0 .net "ld", 0 0, v0x558b2c755500_0;  alias, 1 drivers
v0x558b2c756200_0 .var "z", 0 0;
E_0x558b2c755e10 .event negedge, v0x558b2c74faf0_0;
S_0x558b2c756320 .scope module, "mux0" "mux" 7 30, 11 1 0, S_0x558b2c7077c0;
 .timescale -9 -12;
    .port_info 0 /INPUT 4 "in1";
    .port_info 1 /INPUT 4 "in2";
    .port_info 2 /OUTPUT 4 "out";
    .port_info 3 /INPUT 1 "sel";
L_0x7f1d42b560f8 .functor BUFT 1, C4<1101>, C4<0>, C4<0>, C4<0>;
v0x558b2c756580_0 .net "in1", 3 0, L_0x7f1d42b560f8;  1 drivers
L_0x7f1d42b56140 .functor BUFT 1, C4<1011>, C4<0>, C4<0>, C4<0>;
v0x558b2c756680_0 .net "in2", 3 0, L_0x7f1d42b56140;  1 drivers
v0x558b2c756760_0 .var "out", 3 0;
v0x558b2c756850_0 .net "sel", 0 0, v0x558b2c755740_0;  alias, 1 drivers
E_0x558b2c756500 .event anyedge, v0x558b2c755740_0, v0x558b2c756680_0, v0x558b2c756580_0;
S_0x558b2c7569b0 .scope module, "mux1" "mux" 7 31, 11 1 0, S_0x558b2c7077c0;
 .timescale -9 -12;
    .port_info 0 /INPUT 4 "in1";
    .port_info 1 /INPUT 4 "in2";
    .port_info 2 /OUTPUT 4 "out";
    .port_info 3 /INPUT 1 "sel";
L_0x7f1d42b56188 .functor BUFT 1, C4<1101>, C4<0>, C4<0>, C4<0>;
v0x558b2c756c10_0 .net "in1", 3 0, L_0x7f1d42b56188;  1 drivers
L_0x7f1d42b561d0 .functor BUFT 1, C4<1011>, C4<0>, C4<0>, C4<0>;
v0x558b2c756d10_0 .net "in2", 3 0, L_0x7f1d42b561d0;  1 drivers
v0x558b2c756df0_0 .var "out", 3 0;
v0x558b2c756ee0_0 .net "sel", 0 0, v0x558b2c755740_0;  alias, 1 drivers
E_0x558b2c756b90 .event anyedge, v0x558b2c755740_0, v0x558b2c756d10_0, v0x558b2c756c10_0;
S_0x558b2c757000 .scope module, "mux2" "mux" 7 32, 11 1 0, S_0x558b2c7077c0;
 .timescale -9 -12;
    .port_info 0 /INPUT 4 "in1";
    .port_info 1 /INPUT 4 "in2";
    .port_info 2 /OUTPUT 4 "out";
    .port_info 3 /INPUT 1 "sel";
L_0x7f1d42b56218 .functor BUFT 1, C4<1101>, C4<0>, C4<0>, C4<0>;
v0x558b2c757260_0 .net "in1", 3 0, L_0x7f1d42b56218;  1 drivers
L_0x7f1d42b56260 .functor BUFT 1, C4<1011>, C4<0>, C4<0>, C4<0>;
v0x558b2c757360_0 .net "in2", 3 0, L_0x7f1d42b56260;  1 drivers
v0x558b2c757440_0 .var "out", 3 0;
v0x558b2c757530_0 .net "sel", 0 0, v0x558b2c755740_0;  alias, 1 drivers
E_0x558b2c7571e0 .event anyedge, v0x558b2c755740_0, v0x558b2c757360_0, v0x558b2c757260_0;
S_0x558b2c757680 .scope module, "mux3" "mux" 7 33, 11 1 0, S_0x558b2c7077c0;
 .timescale -9 -12;
    .port_info 0 /INPUT 4 "in1";
    .port_info 1 /INPUT 4 "in2";
    .port_info 2 /OUTPUT 4 "out";
    .port_info 3 /INPUT 1 "sel";
L_0x7f1d42b562a8 .functor BUFT 1, C4<1101>, C4<0>, C4<0>, C4<0>;
v0x558b2c7578e0_0 .net "in1", 3 0, L_0x7f1d42b562a8;  1 drivers
L_0x7f1d42b562f0 .functor BUFT 1, C4<1011>, C4<0>, C4<0>, C4<0>;
v0x558b2c7579e0_0 .net "in2", 3 0, L_0x7f1d42b562f0;  1 drivers
v0x558b2c757ac0_0 .var "out", 3 0;
v0x558b2c757bb0_0 .net "sel", 0 0, v0x558b2c755740_0;  alias, 1 drivers
E_0x558b2c757860 .event anyedge, v0x558b2c755740_0, v0x558b2c7579e0_0, v0x558b2c7578e0_0;
S_0x558b2c757d00 .scope module, "mux4" "mux" 7 34, 11 1 0, S_0x558b2c7077c0;
 .timescale -9 -12;
    .port_info 0 /INPUT 4 "in1";
    .port_info 1 /INPUT 4 "in2";
    .port_info 2 /OUTPUT 4 "out";
    .port_info 3 /INPUT 1 "sel";
L_0x7f1d42b56338 .functor BUFT 1, C4<1101>, C4<0>, C4<0>, C4<0>;
v0x558b2c757f10_0 .net "in1", 3 0, L_0x7f1d42b56338;  1 drivers
L_0x7f1d42b56380 .functor BUFT 1, C4<1011>, C4<0>, C4<0>, C4<0>;
v0x558b2c758010_0 .net "in2", 3 0, L_0x7f1d42b56380;  1 drivers
v0x558b2c7580f0_0 .var "out", 3 0;
v0x558b2c7581e0_0 .net "sel", 0 0, v0x558b2c755740_0;  alias, 1 drivers
E_0x558b2c757e90 .event anyedge, v0x558b2c755740_0, v0x558b2c758010_0, v0x558b2c757f10_0;
S_0x558b2c758330 .scope module, "reg0" "reg_msb" 7 40, 12 1 0, S_0x558b2c7077c0;
 .timescale -9 -12;
    .port_info 0 /INPUT 1 "clk";
    .port_info 1 /INPUT 1 "reset";
    .port_info 2 /INPUT 5 "in";
    .port_info 3 /OUTPUT 5 "out";
    .port_info 4 /INPUT 1 "ld";
    .port_info 5 /INPUT 1 "oe";
v0x558b2c758670_0 .net "clk", 0 0, v0x558b2c76c190_0;  alias, 1 drivers
v0x558b2c758730_0 .var "cont", 4 0;
v0x558b2c758810_0 .net "in", 4 0, L_0x558b2c78f460;  alias, 1 drivers
v0x558b2c7588d0_0 .net "ld", 0 0, v0x558b2c7555c0_0;  alias, 1 drivers
v0x558b2c7589a0_0 .net "oe", 0 0, v0x558b2c7550a0_0;  alias, 1 drivers
v0x558b2c758a40_0 .var "out", 4 0;
v0x558b2c758ae0_0 .net "reset", 0 0, v0x558b2c755500_0;  alias, 1 drivers
E_0x558b2c7585f0 .event anyedge, v0x558b2c7550a0_0, v0x558b2c758730_0;
S_0x558b2c758cd0 .scope module, "rsr40" "rsr4" 7 29, 13 1 0, S_0x558b2c7077c0;
 .timescale -9 -12;
    .port_info 0 /INPUT 1 "clk";
    .port_info 1 /INPUT 1 "rst_ld";
    .port_info 2 /INPUT 1 "shift";
    .port_info 3 /INPUT 5 "lda2";
    .port_info 4 /INPUT 20 "in_R1";
    .port_info 5 /INPUT 20 "in_R2";
    .port_info 6 /OUTPUT 20 "out_R";
    .port_info 7 /OUTPUT 16 "out_R2";
v0x558b2c758fd0_0 .net "clk", 0 0, v0x558b2c76c190_0;  alias, 1 drivers
v0x558b2c759090_0 .var "data", 35 0;
v0x558b2c759170_0 .net "in_R1", 19 0, v0x558b2c75ad40_0;  alias, 1 drivers
v0x558b2c759230_0 .net "in_R2", 19 0, L_0x558b2c7906d0;  alias, 1 drivers
v0x558b2c759310_0 .net "lda2", 4 0, v0x558b2c758a40_0;  alias, 1 drivers
v0x558b2c759420_0 .net "out_R", 19 0, L_0x558b2c78f5a0;  1 drivers
v0x558b2c7594e0_0 .net "out_R2", 15 0, L_0x558b2c78f640;  alias, 1 drivers
v0x558b2c7595c0_0 .net "rst_ld", 0 0, v0x558b2c755500_0;  alias, 1 drivers
v0x558b2c759660_0 .net "shift", 0 0, v0x558b2c755800_0;  alias, 1 drivers
L_0x558b2c78f5a0 .part v0x558b2c759090_0, 16, 20;
L_0x558b2c78f640 .part v0x558b2c759090_0, 0, 16;
S_0x558b2c75ba70 .scope module, "bin2bcd0" "peripheral_bin2bcd" 3 74, 14 1 0, S_0x558b2c704ae0;
 .timescale -9 -12;
    .port_info 0 /INPUT 1 "clk";
    .port_info 1 /INPUT 1 "reset";
    .port_info 2 /INPUT 16 "d_in";
    .port_info 3 /INPUT 1 "cs";
    .port_info 4 /INPUT 5 "addr";
    .port_info 5 /INPUT 1 "rd";
    .port_info 6 /INPUT 1 "wr";
    .port_info 7 /OUTPUT 32 "d_out";
v0x558b2c7643d0_0 .var "A", 15 0;
v0x558b2c764500_0 .net "addr", 4 0, L_0x558b2c78eef0;  1 drivers
v0x558b2c7645e0_0 .net "clk", 0 0, v0x558b2c76c190_0;  alias, 1 drivers
v0x558b2c764680_0 .net "cs", 0 0, L_0x558b2c78ed90;  1 drivers
v0x558b2c764720_0 .net "d_in", 15 0, L_0x558b2c78ecc0;  1 drivers
v0x558b2c764850_0 .var "d_out", 31 0;
v0x558b2c764930_0 .net "done", 0 0, v0x558b2c75e770_0;  1 drivers
v0x558b2c764a20_0 .var "init", 0 0;
v0x558b2c764b10_0 .net "rd", 0 0, L_0x558b2c78c6a0;  alias, 1 drivers
v0x558b2c764c40_0 .net "reset", 0 0, L_0x558b2c78eb90;  1 drivers
v0x558b2c764ce0_0 .net "result", 19 0, L_0x558b2c78dbf0;  1 drivers
v0x558b2c764d80_0 .var "s", 4 0;
v0x558b2c764e40_0 .net "wr", 0 0, L_0x558b2c78c600;  alias, 1 drivers
E_0x558b2c740150 .event anyedge, v0x558b2c764680_0, v0x558b2c764500_0;
S_0x558b2c75bd60 .scope module, "bin2bcd0" "bin2bcd" 14 61, 15 1 0, S_0x558b2c75ba70;
 .timescale -9 -12;
    .port_info 0 /INPUT 1 "clk";
    .port_info 1 /INPUT 1 "rst";
    .port_info 2 /INPUT 1 "init";
    .port_info 3 /INPUT 16 "A";
    .port_info 4 /OUTPUT 20 "result";
    .port_info 5 /OUTPUT 1 "done";
v0x558b2c762e50_0 .net "A", 15 0, v0x558b2c7643d0_0;  1 drivers
v0x558b2c762f60_0 .net *"_ivl_1", 0 0, L_0x558b2c78d5c0;  1 drivers
v0x558b2c763020_0 .net *"_ivl_3", 0 0, L_0x558b2c78d6b0;  1 drivers
v0x558b2c763110_0 .net *"_ivl_5", 0 0, L_0x558b2c78d750;  1 drivers
v0x558b2c7631f0_0 .net *"_ivl_7", 0 0, L_0x558b2c78d880;  1 drivers
v0x558b2c763320_0 .net *"_ivl_9", 0 0, L_0x558b2c78d920;  1 drivers
v0x558b2c763400_0 .net "clk", 0 0, v0x558b2c76c190_0;  alias, 1 drivers
v0x558b2c7634a0_0 .net "done", 0 0, v0x558b2c75e770_0;  alias, 1 drivers
v0x558b2c763540_0 .net "init", 0 0, v0x558b2c764a20_0;  1 drivers
v0x558b2c7636a0_0 .net "result", 19 0, L_0x558b2c78dbf0;  alias, 1 drivers
v0x558b2c763740_0 .net "rst", 0 0, L_0x558b2c78eb90;  alias, 1 drivers
v0x558b2c763810_0 .net "w_LD", 4 0, v0x558b2c762c20_0;  1 drivers
v0x558b2c7638b0_0 .net "w_MSB", 4 0, L_0x558b2c78d9c0;  1 drivers
v0x558b2c763970_0 .net "w_MUX", 19 0, L_0x558b2c78e430;  1 drivers
v0x558b2c763a30_0 .net "w_add", 0 0, v0x558b2c75e530_0;  1 drivers
v0x558b2c763b20_0 .net "w_cen", 3 0, L_0x558b2c78e0f0;  1 drivers
v0x558b2c763be0_0 .net "w_dec", 3 0, L_0x558b2c78e280;  1 drivers
v0x558b2c763cb0_0 .net "w_dmi", 3 0, L_0x558b2c78df10;  1 drivers
v0x558b2c763d80_0 .net "w_ld", 0 0, v0x558b2c75e940_0;  1 drivers
v0x558b2c763e20_0 .net "w_ld_in", 19 0, L_0x558b2c78ea90;  1 drivers
v0x558b2c763ef0_0 .net "w_ld_msb", 0 0, v0x558b2c75ea00_0;  1 drivers
v0x558b2c763f90_0 .net "w_sel", 0 0, v0x558b2c75eb80_0;  1 drivers
v0x558b2c764030_0 .net "w_sh", 0 0, v0x558b2c75ec40_0;  1 drivers
v0x558b2c7640d0_0 .net "w_umi", 3 0, L_0x558b2c78e050;  1 drivers
v0x558b2c764170_0 .net "w_uni", 3 0, L_0x558b2c78e320;  1 drivers
v0x558b2c764240_0 .net "w_z", 0 0, v0x558b2c75f5c0_0;  1 drivers
L_0x558b2c78d5c0 .part L_0x558b2c78ea90, 19, 1;
L_0x558b2c78d6b0 .part L_0x558b2c78ea90, 15, 1;
L_0x558b2c78d750 .part L_0x558b2c78ea90, 11, 1;
L_0x558b2c78d880 .part L_0x558b2c78ea90, 7, 1;
L_0x558b2c78d920 .part L_0x558b2c78ea90, 3, 1;
LS_0x558b2c78d9c0_0_0 .concat [ 1 1 1 1], L_0x558b2c78d920, L_0x558b2c78d880, L_0x558b2c78d750, L_0x558b2c78d6b0;
LS_0x558b2c78d9c0_0_4 .concat [ 1 0 0 0], L_0x558b2c78d5c0;
L_0x558b2c78d9c0 .concat [ 4 1 0 0], LS_0x558b2c78d9c0_0_0, LS_0x558b2c78d9c0_0_4;
LS_0x558b2c78dbf0_0_0 .concat [ 4 4 4 4], L_0x558b2c78e320, L_0x558b2c78e280, L_0x558b2c78e0f0, L_0x558b2c78e050;
LS_0x558b2c78dbf0_0_4 .concat [ 4 0 0 0], L_0x558b2c78df10;
L_0x558b2c78dbf0 .concat [ 16 4 0 0], LS_0x558b2c78dbf0_0_0, LS_0x558b2c78dbf0_0_4;
L_0x558b2c78df10 .part L_0x558b2c78de70, 16, 4;
L_0x558b2c78e050 .part L_0x558b2c78de70, 12, 4;
L_0x558b2c78e0f0 .part L_0x558b2c78de70, 8, 4;
L_0x558b2c78e280 .part L_0x558b2c78de70, 4, 4;
L_0x558b2c78e320 .part L_0x558b2c78de70, 0, 4;
LS_0x558b2c78e430_0_0 .concat8 [ 4 4 4 4], v0x558b2c760700_0, v0x558b2c760d50_0, v0x558b2c761460_0, v0x558b2c761b50_0;
LS_0x558b2c78e430_0_4 .concat8 [ 4 0 0 0], v0x558b2c762280_0;
L_0x558b2c78e430 .concat8 [ 16 4 0 0], LS_0x558b2c78e430_0_0, LS_0x558b2c78e430_0_4;
L_0x558b2c78e4d0 .part L_0x558b2c78e430, 0, 4;
L_0x558b2c78e5f0 .part L_0x558b2c78e430, 4, 4;
L_0x558b2c78e690 .part L_0x558b2c78e430, 8, 4;
L_0x558b2c78e850 .part L_0x558b2c78e430, 12, 4;
L_0x558b2c78e920 .part L_0x558b2c78e430, 16, 4;
LS_0x558b2c78ea90_0_0 .concat8 [ 4 4 4 4], v0x558b2c75c330_0, v0x558b2c75c900_0, v0x558b2c75ceb0_0, v0x558b2c75d480_0;
LS_0x558b2c78ea90_0_4 .concat8 [ 4 0 0 0], v0x558b2c75daa0_0;
L_0x558b2c78ea90 .concat8 [ 16 4 0 0], LS_0x558b2c78ea90_0_0, LS_0x558b2c78ea90_0_4;
S_0x558b2c75c040 .scope module, "comp0" "add_sub_c2" 15 36, 8 1 0, S_0x558b2c75bd60;
 .timescale -9 -12;
    .port_info 0 /INPUT 4 "in_A";
    .port_info 1 /INPUT 4 "in_B";
    .port_info 2 /OUTPUT 4 "Result";
v0x558b2c75c330_0 .var "Result", 3 0;
v0x558b2c75c430_0 .net "in_A", 3 0, L_0x558b2c78e320;  alias, 1 drivers
v0x558b2c75c510_0 .net "in_B", 3 0, L_0x558b2c78e4d0;  1 drivers
E_0x558b2c75c2b0 .event anyedge, v0x558b2c75c430_0, v0x558b2c75c510_0;
S_0x558b2c75c650 .scope module, "comp1" "add_sub_c2" 15 37, 8 1 0, S_0x558b2c75bd60;
 .timescale -9 -12;
    .port_info 0 /INPUT 4 "in_A";
    .port_info 1 /INPUT 4 "in_B";
    .port_info 2 /OUTPUT 4 "Result";
v0x558b2c75c900_0 .var "Result", 3 0;
v0x558b2c75ca00_0 .net "in_A", 3 0, L_0x558b2c78e280;  alias, 1 drivers
v0x558b2c75cae0_0 .net "in_B", 3 0, L_0x558b2c78e5f0;  1 drivers
E_0x558b2c75c880 .event anyedge, v0x558b2c75ca00_0, v0x558b2c75cae0_0;
S_0x558b2c75cc20 .scope module, "comp2" "add_sub_c2" 15 38, 8 1 0, S_0x558b2c75bd60;
 .timescale -9 -12;
    .port_info 0 /INPUT 4 "in_A";
    .port_info 1 /INPUT 4 "in_B";
    .port_info 2 /OUTPUT 4 "Result";
v0x558b2c75ceb0_0 .var "Result", 3 0;
v0x558b2c75cfb0_0 .net "in_A", 3 0, L_0x558b2c78e0f0;  alias, 1 drivers
v0x558b2c75d090_0 .net "in_B", 3 0, L_0x558b2c78e690;  1 drivers
E_0x558b2c75ce50 .event anyedge, v0x558b2c75cfb0_0, v0x558b2c75d090_0;
S_0x558b2c75d1d0 .scope module, "comp3" "add_sub_c2" 15 39, 8 1 0, S_0x558b2c75bd60;
 .timescale -9 -12;
    .port_info 0 /INPUT 4 "in_A";
    .port_info 1 /INPUT 4 "in_B";
    .port_info 2 /OUTPUT 4 "Result";
v0x558b2c75d480_0 .var "Result", 3 0;
v0x558b2c75d580_0 .net "in_A", 3 0, L_0x558b2c78e050;  alias, 1 drivers
v0x558b2c75d660_0 .net "in_B", 3 0, L_0x558b2c78e850;  1 drivers
E_0x558b2c75d400 .event anyedge, v0x558b2c75d580_0, v0x558b2c75d660_0;
S_0x558b2c75d7a0 .scope module, "comp4" "add_sub_c2" 15 40, 8 1 0, S_0x558b2c75bd60;
 .timescale -9 -12;
    .port_info 0 /INPUT 4 "in_A";
    .port_info 1 /INPUT 4 "in_B";
    .port_info 2 /OUTPUT 4 "Result";
v0x558b2c75daa0_0 .var "Result", 3 0;
v0x558b2c75dba0_0 .net "in_A", 3 0, L_0x558b2c78df10;  alias, 1 drivers
v0x558b2c75dc80_0 .net "in_B", 3 0, L_0x558b2c78e920;  1 drivers
E_0x558b2c75da20 .event anyedge, v0x558b2c75dba0_0, v0x558b2c75dc80_0;
S_0x558b2c75ddc0 .scope module, "control0" "ctrl_b2b" 15 44, 9 1 0, S_0x558b2c75bd60;
 .timescale -9 -12;
    .port_info 0 /INPUT 1 "clk";
    .port_info 1 /INPUT 1 "rst";
    .port_info 2 /INPUT 1 "init";
    .port_info 3 /OUTPUT 1 "done";
    .port_info 4 /OUTPUT 1 "sh";
    .port_info 5 /OUTPUT 1 "ld";
    .port_info 6 /OUTPUT 1 "sel";
    .port_info 7 /OUTPUT 1 "ld_msb";
    .port_info 8 /OUTPUT 1 "add";
    .port_info 9 /INPUT 1 "z";
P_0x558b2c75dfa0 .param/l "ADD" 0 9 17, C4<011>;
P_0x558b2c75dfe0 .param/l "CHECK" 0 9 15, C4<001>;
P_0x558b2c75e020 .param/l "END1" 0 9 19, C4<101>;
P_0x558b2c75e060 .param/l "LOAD_A2" 0 9 18, C4<100>;
P_0x558b2c75e0a0 .param/l "SHIFT_DEC" 0 9 16, C4<010>;
P_0x558b2c75e0e0 .param/l "START" 0 9 14, C4<000>;
v0x558b2c75e530_0 .var "add", 0 0;
v0x558b2c75e610_0 .net "clk", 0 0, v0x558b2c76c190_0;  alias, 1 drivers
v0x558b2c75e6d0_0 .var "count", 5 0;
v0x558b2c75e770_0 .var "done", 0 0;
v0x558b2c75e830_0 .net "init", 0 0, v0x558b2c764a20_0;  alias, 1 drivers
v0x558b2c75e940_0 .var "ld", 0 0;
v0x558b2c75ea00_0 .var "ld_msb", 0 0;
v0x558b2c75eac0_0 .net "rst", 0 0, L_0x558b2c78eb90;  alias, 1 drivers
v0x558b2c75eb80_0 .var "sel", 0 0;
v0x558b2c75ec40_0 .var "sh", 0 0;
v0x558b2c75ed00_0 .var "state", 2 0;
v0x558b2c75ede0_0 .var "state_name", 320 1;
v0x558b2c75eec0_0 .net "z", 0 0, v0x558b2c75f5c0_0;  alias, 1 drivers
E_0x558b2c75e4d0 .event anyedge, v0x558b2c75ed00_0;
S_0x558b2c75f0c0 .scope module, "count0" "cnt_bin2bcd" 15 43, 10 1 0, S_0x558b2c75bd60;
 .timescale -9 -12;
    .port_info 0 /INPUT 1 "clk";
    .port_info 1 /INPUT 1 "ld";
    .port_info 2 /INPUT 1 "dec";
    .port_info 3 /OUTPUT 1 "z";
v0x558b2c75f250_0 .net "clk", 0 0, v0x558b2c76c190_0;  alias, 1 drivers
v0x558b2c75f310_0 .var "cont", 4 0;
v0x558b2c75f3f0_0 .net "dec", 0 0, v0x558b2c75ec40_0;  alias, 1 drivers
v0x558b2c75f4f0_0 .net "ld", 0 0, v0x558b2c75e940_0;  alias, 1 drivers
v0x558b2c75f5c0_0 .var "z", 0 0;
S_0x558b2c75f6e0 .scope module, "lsr40" "lsr4" 15 30, 16 1 0, S_0x558b2c75bd60;
 .timescale -9 -12;
    .port_info 0 /INPUT 1 "clk";
    .port_info 1 /INPUT 1 "rst_ld";
    .port_info 2 /INPUT 1 "shift";
    .port_info 3 /INPUT 5 "lda2";
    .port_info 4 /INPUT 16 "in_R1";
    .port_info 5 /INPUT 20 "in_R2";
    .port_info 6 /OUTPUT 20 "out_R";
v0x558b2c75f9b0_0 .net "clk", 0 0, v0x558b2c76c190_0;  alias, 1 drivers
v0x558b2c75fa70_0 .var "data", 35 0;
v0x558b2c75fb50_0 .net "in_R1", 15 0, v0x558b2c7643d0_0;  alias, 1 drivers
v0x558b2c75fc10_0 .net "in_R2", 19 0, L_0x558b2c78ea90;  alias, 1 drivers
v0x558b2c75fcf0_0 .net "lda2", 4 0, v0x558b2c762c20_0;  alias, 1 drivers
v0x558b2c75fe20_0 .net "out_R", 19 0, L_0x558b2c78de70;  1 drivers
v0x558b2c75ff00_0 .net "rst_ld", 0 0, v0x558b2c75e940_0;  alias, 1 drivers
v0x558b2c75fff0_0 .net "shift", 0 0, v0x558b2c75ec40_0;  alias, 1 drivers
L_0x558b2c78de70 .part v0x558b2c75fa70_0, 16, 20;
S_0x558b2c760200 .scope module, "mux0" "mux" 15 31, 11 1 0, S_0x558b2c75bd60;
 .timescale -9 -12;
    .port_info 0 /INPUT 4 "in1";
    .port_info 1 /INPUT 4 "in2";
    .port_info 2 /OUTPUT 4 "out";
    .port_info 3 /INPUT 1 "sel";
L_0x7f1d42b55e28 .functor BUFT 1, C4<0011>, C4<0>, C4<0>, C4<0>;
v0x558b2c760520_0 .net "in1", 3 0, L_0x7f1d42b55e28;  1 drivers
L_0x7f1d42b55e70 .functor BUFT 1, C4<1011>, C4<0>, C4<0>, C4<0>;
v0x558b2c760620_0 .net "in2", 3 0, L_0x7f1d42b55e70;  1 drivers
v0x558b2c760700_0 .var "out", 3 0;
v0x558b2c7607c0_0 .net "sel", 0 0, v0x558b2c75eb80_0;  alias, 1 drivers
E_0x558b2c75f8c0 .event anyedge, v0x558b2c75eb80_0, v0x558b2c760620_0, v0x558b2c760520_0;
S_0x558b2c7608f0 .scope module, "mux1" "mux" 15 32, 11 1 0, S_0x558b2c75bd60;
 .timescale -9 -12;
    .port_info 0 /INPUT 4 "in1";
    .port_info 1 /INPUT 4 "in2";
    .port_info 2 /OUTPUT 4 "out";
    .port_info 3 /INPUT 1 "sel";
L_0x7f1d42b55eb8 .functor BUFT 1, C4<0011>, C4<0>, C4<0>, C4<0>;
v0x558b2c760b70_0 .net "in1", 3 0, L_0x7f1d42b55eb8;  1 drivers
L_0x7f1d42b55f00 .functor BUFT 1, C4<1011>, C4<0>, C4<0>, C4<0>;
v0x558b2c760c70_0 .net "in2", 3 0, L_0x7f1d42b55f00;  1 drivers
v0x558b2c760d50_0 .var "out", 3 0;
v0x558b2c760e40_0 .net "sel", 0 0, v0x558b2c75eb80_0;  alias, 1 drivers
E_0x558b2c760af0 .event anyedge, v0x558b2c75eb80_0, v0x558b2c760c70_0, v0x558b2c760b70_0;
S_0x558b2c760fb0 .scope module, "mux2" "mux" 15 33, 11 1 0, S_0x558b2c75bd60;
 .timescale -9 -12;
    .port_info 0 /INPUT 4 "in1";
    .port_info 1 /INPUT 4 "in2";
    .port_info 2 /OUTPUT 4 "out";
    .port_info 3 /INPUT 1 "sel";
L_0x7f1d42b55f48 .functor BUFT 1, C4<0011>, C4<0>, C4<0>, C4<0>;
v0x558b2c761280_0 .net "in1", 3 0, L_0x7f1d42b55f48;  1 drivers
L_0x7f1d42b55f90 .functor BUFT 1, C4<1011>, C4<0>, C4<0>, C4<0>;
v0x558b2c761380_0 .net "in2", 3 0, L_0x7f1d42b55f90;  1 drivers
v0x558b2c761460_0 .var "out", 3 0;
v0x558b2c761550_0 .net "sel", 0 0, v0x558b2c75eb80_0;  alias, 1 drivers
E_0x558b2c761200 .event anyedge, v0x558b2c75eb80_0, v0x558b2c761380_0, v0x558b2c761280_0;
S_0x558b2c7616a0 .scope module, "mux3" "mux" 15 34, 11 1 0, S_0x558b2c75bd60;
 .timescale -9 -12;
    .port_info 0 /INPUT 4 "in1";
    .port_info 1 /INPUT 4 "in2";
    .port_info 2 /OUTPUT 4 "out";
    .port_info 3 /INPUT 1 "sel";
L_0x7f1d42b55fd8 .functor BUFT 1, C4<0011>, C4<0>, C4<0>, C4<0>;
v0x558b2c761970_0 .net "in1", 3 0, L_0x7f1d42b55fd8;  1 drivers
L_0x7f1d42b56020 .functor BUFT 1, C4<1011>, C4<0>, C4<0>, C4<0>;
v0x558b2c761a70_0 .net "in2", 3 0, L_0x7f1d42b56020;  1 drivers
v0x558b2c761b50_0 .var "out", 3 0;
v0x558b2c761c40_0 .net "sel", 0 0, v0x558b2c75eb80_0;  alias, 1 drivers
E_0x558b2c7618f0 .event anyedge, v0x558b2c75eb80_0, v0x558b2c761a70_0, v0x558b2c761970_0;
S_0x558b2c761e20 .scope module, "mux4" "mux" 15 35, 11 1 0, S_0x558b2c75bd60;
 .timescale -9 -12;
    .port_info 0 /INPUT 4 "in1";
    .port_info 1 /INPUT 4 "in2";
    .port_info 2 /OUTPUT 4 "out";
    .port_info 3 /INPUT 1 "sel";
L_0x7f1d42b56068 .functor BUFT 1, C4<0011>, C4<0>, C4<0>, C4<0>;
v0x558b2c7620a0_0 .net "in1", 3 0, L_0x7f1d42b56068;  1 drivers
L_0x7f1d42b560b0 .functor BUFT 1, C4<1011>, C4<0>, C4<0>, C4<0>;
v0x558b2c7621a0_0 .net "in2", 3 0, L_0x7f1d42b560b0;  1 drivers
v0x558b2c762280_0 .var "out", 3 0;
v0x558b2c762370_0 .net "sel", 0 0, v0x558b2c75eb80_0;  alias, 1 drivers
E_0x558b2c762020 .event anyedge, v0x558b2c75eb80_0, v0x558b2c7621a0_0, v0x558b2c7620a0_0;
S_0x558b2c7624c0 .scope module, "reg0" "reg_msb" 15 41, 12 1 0, S_0x558b2c75bd60;
 .timescale -9 -12;
    .port_info 0 /INPUT 1 "clk";
    .port_info 1 /INPUT 1 "reset";
    .port_info 2 /INPUT 5 "in";
    .port_info 3 /OUTPUT 5 "out";
    .port_info 4 /INPUT 1 "ld";
    .port_info 5 /INPUT 1 "oe";
v0x558b2c762800_0 .net "clk", 0 0, v0x558b2c76c190_0;  alias, 1 drivers
v0x558b2c7628c0_0 .var "cont", 4 0;
v0x558b2c7629a0_0 .net "in", 4 0, L_0x558b2c78d9c0;  alias, 1 drivers
v0x558b2c762a60_0 .net "ld", 0 0, v0x558b2c75ea00_0;  alias, 1 drivers
v0x558b2c762b30_0 .net "oe", 0 0, v0x558b2c75e530_0;  alias, 1 drivers
v0x558b2c762c20_0 .var "out", 4 0;
v0x558b2c762cf0_0 .net "reset", 0 0, v0x558b2c75e940_0;  alias, 1 drivers
E_0x558b2c762780 .event anyedge, v0x558b2c75e530_0, v0x558b2c7628c0_0;
S_0x558b2c765010 .scope module, "mult1" "peripheral_test" 3 102, 17 1 0, S_0x558b2c704ae0;
 .timescale -9 -12;
    .port_info 0 /INPUT 1 "clk";
    .port_info 1 /INPUT 1 "reset";
    .port_info 2 /INPUT 16 "d_in";
    .port_info 3 /INPUT 1 "cs";
    .port_info 4 /INPUT 5 "addr";
    .port_info 5 /INPUT 1 "rd";
    .port_info 6 /INPUT 1 "wr";
    .port_info 7 /OUTPUT 32 "d_out";
v0x558b2c766ed0_0 .var "A", 15 0;
v0x558b2c766fb0_0 .var "B", 15 0;
v0x558b2c767080_0 .net "addr", 4 0, L_0x558b2c791280;  1 drivers
v0x558b2c767150_0 .net "clk", 0 0, v0x558b2c76c190_0;  alias, 1 drivers
v0x558b2c7671f0_0 .net "cs", 0 0, L_0x558b2c791140;  1 drivers
v0x558b2c7672b0_0 .net "d_in", 15 0, L_0x558b2c7910a0;  1 drivers
v0x558b2c767390_0 .var "d_out", 31 0;
v0x558b2c767470_0 .net "done", 0 0, v0x558b2c766740_0;  1 drivers
v0x558b2c767510_0 .var "init", 0 0;
v0x558b2c7675e0_0 .net "rd", 0 0, L_0x558b2c78c6a0;  alias, 1 drivers
v0x558b2c767680_0 .net "reset", 0 0, L_0x558b2c790fb0;  1 drivers
v0x558b2c767720_0 .net "result", 31 0, v0x558b2c766160_0;  1 drivers
v0x558b2c7677f0_0 .var "s", 4 0;
v0x558b2c767890_0 .net "wr", 0 0, L_0x558b2c78c600;  alias, 1 drivers
E_0x558b2c75bf60 .event anyedge, v0x558b2c7671f0_0, v0x558b2c767080_0;
S_0x558b2c765350 .scope module, "mult1" "mult" 17 72, 18 1 0, S_0x558b2c765010;
 .timescale -9 -12;
    .port_info 0 /INPUT 1 "init";
    .port_info 1 /INPUT 1 "rst";
    .port_info 2 /INPUT 1 "clk";
    .port_info 3 /OUTPUT 1 "done";
    .port_info 4 /OUTPUT 32 "R";
    .port_info 5 /INPUT 16 "A";
    .port_info 6 /INPUT 16 "B";
P_0x558b2c743120 .param/l "ADD_R" 1 18 24, C4<010>;
P_0x558b2c743160 .param/l "CHECK_B" 1 18 23, C4<001>;
P_0x558b2c7431a0 .param/l "CHECK_END" 1 18 26, C4<100>;
P_0x558b2c7431e0 .param/l "DONE_ST" 1 18 28, C4<110>;
P_0x558b2c743220 .param/l "N" 0 18 1, +C4<00000000000000000000000000010000>;
P_0x558b2c743260 .param/l "SHIFT" 1 18 27, C4<101>;
P_0x558b2c7432a0 .param/l "SHIFTyDEC" 1 18 25, C4<011>;
P_0x558b2c7432e0 .param/l "START" 1 18 22, C4<000>;
v0x558b2c765a90_0 .net "A", 15 0, v0x558b2c766ed0_0;  1 drivers
v0x558b2c765b90_0 .var "ADD", 0 0;
v0x558b2c765c50_0 .var "A_reg", 31 0;
v0x558b2c765d10_0 .net "B", 15 0, v0x558b2c766fb0_0;  1 drivers
v0x558b2c765df0_0 .var "B_reg", 15 0;
v0x558b2c765f20_0 .var "DEC", 0 0;
v0x558b2c765fe0_0 .var "LD", 0 0;
v0x558b2c7660a0_0 .net "LSB_B", 0 0, L_0x558b2c790c10;  1 drivers
v0x558b2c766160_0 .var "R", 31 0;
v0x558b2c766240_0 .net *"_ivl_2", 31 0, L_0x558b2c790d10;  1 drivers
L_0x7f1d42b563c8 .functor BUFT 1, C4<000000000000000000000000000>, C4<0>, C4<0>, C4<0>;
v0x558b2c766320_0 .net *"_ivl_5", 26 0, L_0x7f1d42b563c8;  1 drivers
L_0x7f1d42b56410 .functor BUFT 1, C4<00000000000000000000000000000000>, C4<0>, C4<0>, C4<0>;
v0x558b2c766400_0 .net/2u *"_ivl_6", 31 0, L_0x7f1d42b56410;  1 drivers
v0x558b2c7664e0_0 .net "clk", 0 0, v0x558b2c76c190_0;  alias, 1 drivers
v0x558b2c766580_0 .var "count", 4 0;
v0x558b2c766660_0 .var "cstate", 2 0;
v0x558b2c766740_0 .var "done", 0 0;
v0x558b2c766800_0 .net "init", 0 0, v0x558b2c767510_0;  1 drivers
v0x558b2c7669d0_0 .var "nstate", 2 0;
v0x558b2c766ab0_0 .net "rst", 0 0, L_0x558b2c790fb0;  alias, 1 drivers
v0x558b2c766b70_0 .var "shift_A", 0 0;
v0x558b2c766c30_0 .var "shift_B", 0 0;
v0x558b2c766cf0_0 .net "z", 0 0, L_0x558b2c790e40;  1 drivers
E_0x558b2c765a50 .event anyedge, v0x558b2c766660_0, v0x558b2c766800_0, v0x558b2c7660a0_0, v0x558b2c766cf0_0;
L_0x558b2c790c10 .part v0x558b2c765df0_0, 0, 1;
L_0x558b2c790d10 .concat [ 5 27 0 0], v0x558b2c766580_0, L_0x7f1d42b563c8;
L_0x558b2c790e40 .cmp/eq 32, L_0x558b2c790d10, L_0x7f1d42b56410;
S_0x558b2c767ab0 .scope module, "per_uart" "peripheral_uart" 3 60, 19 1 0, S_0x558b2c704ae0;
 .timescale -9 -12;
    .port_info 0 /INPUT 1 "clk";
    .port_info 1 /INPUT 1 "rst";
    .port_info 2 /INPUT 32 "d_in";
    .port_info 3 /INPUT 1 "cs";
    .port_info 4 /INPUT 5 "addr";
    .port_info 5 /INPUT 1 "rd";
    .port_info 6 /INPUT 1 "wr";
    .port_info 7 /OUTPUT 32 "d_out";
    .port_info 8 /OUTPUT 1 "uart_tx";
    .port_info 9 /INPUT 1 "uart_rx";
    .port_info 10 /OUTPUT 1 "ledout";
P_0x558b2c767c40 .param/l "baud" 0 19 3, +C4<00000000000000001110000100000000>;
P_0x558b2c767c80 .param/l "clk_freq" 0 19 2, +C4<00000001011111010111100001000000>;
v0x558b2c769db0_0 .net "addr", 4 0, L_0x558b2c78d520;  1 drivers
v0x558b2c769eb0_0 .net "clk", 0 0, v0x558b2c76c190_0;  alias, 1 drivers
v0x558b2c769f70_0 .net "cs", 0 0, L_0x558b2c78d480;  1 drivers
v0x558b2c76a010_0 .net "d_in", 31 0, L_0x558b2c784c60;  alias, 1 drivers
v0x558b2c76a0b0_0 .var "d_in_uart", 7 0;
v0x558b2c76a1c0_0 .var "d_out", 31 0;
v0x558b2c76a280_0 .var "ledout", 0 0;
v0x558b2c76a340_0 .net "rd", 0 0, L_0x558b2c78c6a0;  alias, 1 drivers
v0x558b2c76a3e0_0 .net "rst", 0 0, L_0x558b2c78d390;  1 drivers
v0x558b2c76a480_0 .net "rx_avail", 0 0, v0x558b2c768e30_0;  1 drivers
v0x558b2c76a550_0 .net "rx_data", 7 0, v0x558b2c769170_0;  1 drivers
v0x558b2c76a620_0 .net "rx_error", 0 0, v0x558b2c769250_0;  1 drivers
v0x558b2c76a6f0_0 .var "s", 1 0;
v0x558b2c76a790_0 .net "tx_busy", 0 0, v0x558b2c7694d0_0;  1 drivers
v0x558b2c76a860_0 .var "uart_ctrl", 7 0;
v0x558b2c76a900_0 .net "uart_rx", 0 0, v0x558b2c76c3b0_0;  alias, 1 drivers
v0x558b2c76a9d0_0 .net "uart_tx", 0 0, v0x558b2c769b30_0;  alias, 1 drivers
v0x558b2c76abb0_0 .net "wr", 0 0, L_0x558b2c78c600;  alias, 1 drivers
E_0x558b2c765960 .event anyedge, v0x558b2c769db0_0, v0x558b2c769f70_0;
L_0x558b2c78d200 .part v0x558b2c76a860_0, 1, 1;
L_0x558b2c78d2a0 .part v0x558b2c76a860_0, 0, 1;
S_0x558b2c767f80 .scope module, "uart0" "uart" 19 56, 20 5 0, S_0x558b2c767ab0;
 .timescale -9 -12;
    .port_info 0 /INPUT 1 "reset";
    .port_info 1 /INPUT 1 "clk";
    .port_info 2 /INPUT 1 "uart_rxd";
    .port_info 3 /OUTPUT 1 "uart_txd";
    .port_info 4 /OUTPUT 8 "rx_data";
    .port_info 5 /OUTPUT 1 "rx_avail";
    .port_info 6 /OUTPUT 1 "rx_error";
    .port_info 7 /INPUT 1 "rx_ack";
    .port_info 8 /INPUT 8 "tx_data";
    .port_info 9 /INPUT 1 "tx_wr";
    .port_info 10 /OUTPUT 1 "tx_busy";
P_0x558b2c768180 .param/l "baud" 0 20 7, +C4<00000000000000001110000100000000>;
P_0x558b2c7681c0 .param/l "divisor" 1 20 24, +C4<00000000000000000000000000011011>;
P_0x558b2c768200 .param/l "freq_hz" 0 20 6, +C4<00000001011111010111100001000000>;
v0x558b2c768540_0 .net *"_ivl_0", 31 0, L_0x558b2c78d020;  1 drivers
L_0x7f1d42b55d98 .functor BUFT 1, C4<0000000000000000>, C4<0>, C4<0>, C4<0>;
v0x558b2c768640_0 .net *"_ivl_3", 15 0, L_0x7f1d42b55d98;  1 drivers
L_0x7f1d42b55de0 .functor BUFT 1, C4<00000000000000000000000000000000>, C4<0>, C4<0>, C4<0>;
v0x558b2c768720_0 .net/2u *"_ivl_4", 31 0, L_0x7f1d42b55de0;  1 drivers
v0x558b2c768810_0 .net "clk", 0 0, v0x558b2c76c190_0;  alias, 1 drivers
v0x558b2c768ac0_0 .net "enable16", 0 0, L_0x558b2c78d0c0;  1 drivers
v0x558b2c768bd0_0 .var "enable16_counter", 15 0;
v0x558b2c768cb0_0 .net "reset", 0 0, L_0x558b2c78d390;  alias, 1 drivers
v0x558b2c768d70_0 .net "rx_ack", 0 0, L_0x558b2c78d200;  1 drivers
v0x558b2c768e30_0 .var "rx_avail", 0 0;
v0x558b2c768ef0_0 .var "rx_bitcount", 3 0;
v0x558b2c768fd0_0 .var "rx_busy", 0 0;
v0x558b2c769090_0 .var "rx_count16", 3 0;
v0x558b2c769170_0 .var "rx_data", 7 0;
v0x558b2c769250_0 .var "rx_error", 0 0;
v0x558b2c769310_0 .var "rxd_reg", 7 0;
v0x558b2c7693f0_0 .var "tx_bitcount", 3 0;
v0x558b2c7694d0_0 .var "tx_busy", 0 0;
v0x558b2c769590_0 .var "tx_count16", 3 0;
v0x558b2c769670_0 .net "tx_data", 7 0, v0x558b2c76a0b0_0;  1 drivers
v0x558b2c769750_0 .net "tx_wr", 0 0, L_0x558b2c78d2a0;  1 drivers
v0x558b2c769810_0 .var "txd_reg", 7 0;
v0x558b2c7698f0_0 .net "uart_rxd", 0 0, v0x558b2c76c3b0_0;  alias, 1 drivers
v0x558b2c7699b0_0 .var "uart_rxd1", 0 0;
v0x558b2c769a70_0 .var "uart_rxd2", 0 0;
v0x558b2c769b30_0 .var "uart_txd", 0 0;
L_0x558b2c78d020 .concat [ 16 16 0 0], v0x558b2c768bd0_0, L_0x7f1d42b55d98;
L_0x558b2c78d0c0 .cmp/eq 32, L_0x558b2c78d020, L_0x7f1d42b55de0;
    .scope S_0x558b2c7054b0;
T_1 ;
    %wait E_0x558b2c59bce0;
    %load/vec4 v0x558b2c751b80_0;
    %nor/r;
    %flag_set/vec4 8;
    %jmp/0xz  T_1.0, 8;
    %pushi/vec4 0, 0, 32;
    %ix/load 3, 0, 0;
    %flag_set/imm 4, 0;
    %ix/load 4, 0, 0; Constant delay
    %assign/vec4/a/d v0x558b2c751ac0, 0, 4;
    %jmp T_1.1;
T_1.0 ;
    %load/vec4 v0x558b2c751ee0_0;
    %flag_set/vec4 8;
    %jmp/0xz  T_1.2, 8;
    %load/vec4 v0x558b2c7519e0_0;
    %pad/u 32;
    %cmpi/ne 0, 0, 32;
    %jmp/0xz  T_1.4, 4;
    %load/vec4 v0x558b2c751fa0_0;
    %load/vec4 v0x558b2c7519e0_0;
    %pad/u 7;
    %ix/vec4 3;
    %ix/load 4, 0, 0; Constant delay
    %assign/vec4/a/d v0x558b2c751ac0, 0, 4;
T_1.4 ;
T_1.2 ;
T_1.1 ;
    %jmp T_1;
    .thread T_1;
    .scope S_0x558b2c7054b0;
T_2 ;
    %wait E_0x558b2c59bce0;
    %load/vec4 v0x558b2c751b80_0;
    %nor/r;
    %flag_set/vec4 8;
    %jmp/0xz  T_2.0, 8;
    %pushi/vec4 0, 0, 5;
    %assign/vec4 v0x558b2c74f950_0, 0;
    %jmp T_2.1;
T_2.0 ;
    %load/vec4 v0x558b2c74fa30_0;
    %flag_set/vec4 8;
    %jmp/0xz  T_2.2, 8;
    %load/vec4 v0x558b2c74fd70_0;
    %flag_set/vec4 8;
    %jmp/0xz  T_2.4, 8;
    %load/vec4 v0x558b2c74f410_0;
    %assign/vec4 v0x558b2c74f870_0, 0;
    %load/vec4 v0x558b2c74f4f0_0;
    %parti/s 5, 0, 2;
    %assign/vec4 v0x558b2c74f950_0, 0;
T_2.4 ;
T_2.2 ;
T_2.1 ;
    %load/vec4 v0x558b2c74f950_0;
    %or/r;
    %flag_set/vec4 8;
    %jmp/0xz  T_2.6, 8;
    %load/vec4 v0x558b2c74f950_0;
    %subi 1, 0, 5;
    %assign/vec4 v0x558b2c74f950_0, 0;
    %load/vec4 v0x558b2c74fc90_0;
    %parti/s 1, 1, 2;
    %flag_set/vec4 8;
    %jmp/0 T_2.8, 8;
    %load/vec4 v0x558b2c74f870_0;
    %ix/load 4, 1, 0;
    %flag_set/imm 4, 0;
    %shiftl 4;
    %jmp/1 T_2.9, 8;
T_2.8 ; End of true expr.
    %load/vec4 v0x558b2c74fe30_0;
    %parti/s 1, 28, 6;
    %load/vec4 v0x558b2c74f870_0;
    %parti/s 1, 31, 6;
    %and;
    %load/vec4 v0x558b2c74f870_0;
    %parti/s 31, 1, 2;
    %concat/vec4; draw_concat_vec4
    %jmp/0 T_2.9, 8;
 ; End of false expr.
    %blend;
T_2.9;
    %assign/vec4 v0x558b2c74f870_0, 0;
T_2.6 ;
    %jmp T_2;
    .thread T_2;
    .scope S_0x558b2c7054b0;
T_3 ;
    %wait E_0x558b2c59bce0;
    %load/vec4 v0x558b2c751b80_0;
    %nor/r;
    %flag_set/vec4 8;
    %jmp/0xz  T_3.0, 8;
    %pushi/vec4 8, 0, 4;
    %assign/vec4 v0x558b2c751e00_0, 0;
    %pushi/vec4 0, 0, 24;
    %assign/vec4 v0x558b2c741d40_0, 0;
    %pushi/vec4 0, 0, 32;
    %assign/vec4 v0x558b2c751c40_0, 0;
    %pushi/vec4 0, 0, 32;
    %assign/vec4 v0x558b2c751d20_0, 0;
    %jmp T_3.1;
T_3.0 ;
    %pushi/vec4 1, 0, 1;
    %dup/vec4;
    %load/vec4 v0x558b2c751e00_0;
    %parti/s 1, 1, 2;
    %cmp/u;
    %jmp/1 T_3.2, 6;
    %dup/vec4;
    %load/vec4 v0x558b2c751e00_0;
    %parti/s 1, 2, 3;
    %cmp/u;
    %jmp/1 T_3.3, 6;
    %dup/vec4;
    %load/vec4 v0x558b2c751e00_0;
    %parti/s 1, 3, 3;
    %cmp/u;
    %jmp/1 T_3.4, 6;
    %pushi/vec4 2, 0, 4;
    %assign/vec4 v0x558b2c751e00_0, 0;
    %jmp T_3.6;
T_3.2 ;
    %load/vec4 v0x558b2c751380_0;
    %nor/r;
    %flag_set/vec4 8;
    %jmp/0xz  T_3.7, 8;
    %load/vec4 v0x558b2c751440_0;
    %parti/s 5, 15, 5;
    %pad/u 7;
    %ix/vec4 4;
    %load/vec4a v0x558b2c751ac0, 4;
    %assign/vec4 v0x558b2c751c40_0, 0;
    %load/vec4 v0x558b2c751440_0;
    %parti/s 5, 20, 6;
    %pad/u 7;
    %ix/vec4 4;
    %load/vec4a v0x558b2c751ac0, 4;
    %assign/vec4 v0x558b2c751d20_0, 0;
    %load/vec4 v0x558b2c751440_0;
    %parti/s 30, 2, 3;
    %assign/vec4 v0x558b2c74fe30_0, 0;
    %pushi/vec4 4, 0, 4;
    %assign/vec4 v0x558b2c751e00_0, 0;
T_3.7 ;
    %jmp T_3.6;
T_3.3 ;
    %load/vec4 v0x558b2c748cc0_0;
    %flag_set/vec4 8;
    %jmp/0 T_3.9, 8;
    %load/vec4 v0x558b2c74f790_0;
    %parti/s 23, 1, 2;
    %concati/vec4 0, 0, 1;
    %jmp/1 T_3.10, 8;
T_3.9 ; End of true expr.
    %load/vec4 v0x558b2c749080_0;
    %flag_set/vec4 9;
    %jmp/0 T_3.11, 9;
    %load/vec4 v0x558b2c741f00_0;
    %jmp/1 T_3.12, 9;
T_3.11 ; End of true expr.
    %load/vec4 v0x558b2c741e20_0;
    %jmp/0 T_3.12, 9;
 ; End of false expr.
    %blend;
T_3.12;
    %jmp/0 T_3.10, 8;
 ; End of false expr.
    %blend;
T_3.10;
    %assign/vec4 v0x558b2c741d40_0, 0;
    %load/vec4 v0x558b2c751860_0;
    %flag_set/vec4 8;
    %jmp/0 T_3.13, 8;
    %pushi/vec4 8, 0, 35;
    %jmp/1 T_3.14, 8;
T_3.13 ; End of true expr.
    %pushi/vec4 1, 0, 35;
    %jmp/0 T_3.14, 8;
 ; End of false expr.
    %blend;
T_3.14;
    %pad/s 4;
    %assign/vec4 v0x558b2c751e00_0, 0;
    %jmp T_3.6;
T_3.4 ;
    %load/vec4 v0x558b2c74f350_0;
    %nor/r;
    %load/vec4 v0x558b2c751380_0;
    %nor/r;
    %and;
    %load/vec4 v0x558b2c7515e0_0;
    %nor/r;
    %and;
    %flag_set/vec4 8;
    %jmp/0xz  T_3.15, 8;
    %pushi/vec4 1, 0, 4;
    %assign/vec4 v0x558b2c751e00_0, 0;
T_3.15 ;
    %jmp T_3.6;
T_3.6 ;
    %pop/vec4 1;
T_3.1 ;
    %jmp T_3;
    .thread T_3;
    .scope S_0x558b2c7054b0;
T_4 ;
    %wait E_0x558b2c59bce0;
    %load/vec4 v0x558b2c751b80_0;
    %nor/r;
    %flag_set/vec4 8;
    %jmp/0xz  T_4.0, 8;
    %pushi/vec4 0, 0, 32;
    %assign/vec4 v0x558b2c74fbb0_0, 0;
    %jmp T_4.1;
T_4.0 ;
    %load/vec4 v0x558b2c74fbb0_0;
    %addi 1, 0, 32;
    %assign/vec4 v0x558b2c74fbb0_0, 0;
T_4.1 ;
    %jmp T_4;
    .thread T_4;
    .scope S_0x558b2c706060;
T_5 ;
    %vpi_call 5 15 "$readmemh", "./firmware.hex", v0x558b2c752260 {0 0 0};
    %end;
    .thread T_5;
    .scope S_0x558b2c706060;
T_6 ;
    %wait E_0x558b2c59bce0;
    %load/vec4 v0x558b2c752580_0;
    %flag_set/vec4 8;
    %jmp/0xz  T_6.0, 8;
    %ix/getv 4, v0x558b2c752810_0;
    %load/vec4a v0x558b2c752260, 4;
    %assign/vec4 v0x558b2c7524e0_0, 0;
T_6.0 ;
    %load/vec4 v0x558b2c752750_0;
    %parti/s 1, 0, 2;
    %flag_set/vec4 8;
    %jmp/0xz  T_6.2, 8;
    %load/vec4 v0x558b2c752690_0;
    %parti/s 8, 0, 2;
    %ix/getv 3, v0x558b2c752810_0;
    %ix/load 4, 0, 0; Constant delay
    %assign/vec4/a/d v0x558b2c752260, 0, 4;
T_6.2 ;
    %load/vec4 v0x558b2c752750_0;
    %parti/s 1, 1, 2;
    %flag_set/vec4 8;
    %jmp/0xz  T_6.4, 8;
    %load/vec4 v0x558b2c752690_0;
    %parti/s 8, 8, 5;
    %ix/getv 3, v0x558b2c752810_0;
    %ix/load 4, 8, 0; part off
    %ix/load 5, 0, 0; Constant delay
    %assign/vec4/a/d v0x558b2c752260, 4, 5;
T_6.4 ;
    %load/vec4 v0x558b2c752750_0;
    %parti/s 1, 2, 3;
    %flag_set/vec4 8;
    %jmp/0xz  T_6.6, 8;
    %load/vec4 v0x558b2c752690_0;
    %parti/s 8, 16, 6;
    %ix/getv 3, v0x558b2c752810_0;
    %ix/load 4, 16, 0; part off
    %ix/load 5, 0, 0; Constant delay
    %assign/vec4/a/d v0x558b2c752260, 4, 5;
T_6.6 ;
    %load/vec4 v0x558b2c752750_0;
    %parti/s 1, 3, 3;
    %flag_set/vec4 8;
    %jmp/0xz  T_6.8, 8;
    %load/vec4 v0x558b2c752690_0;
    %parti/s 8, 24, 6;
    %ix/getv 3, v0x558b2c752810_0;
    %ix/load 4, 24, 0; part off
    %ix/load 5, 0, 0; Constant delay
    %assign/vec4/a/d v0x558b2c752260, 4, 5;
T_6.8 ;
    %jmp T_6;
    .thread T_6;
    .scope S_0x558b2c767f80;
T_7 ;
    %wait E_0x558b2c59bce0;
    %load/vec4 v0x558b2c768cb0_0;
    %flag_set/vec4 8;
    %jmp/0xz  T_7.0, 8;
    %pushi/vec4 26, 0, 16;
    %assign/vec4 v0x558b2c768bd0_0, 0;
    %jmp T_7.1;
T_7.0 ;
    %load/vec4 v0x558b2c768bd0_0;
    %subi 1, 0, 16;
    %assign/vec4 v0x558b2c768bd0_0, 0;
    %load/vec4 v0x558b2c768bd0_0;
    %pad/u 32;
    %cmpi/e 0, 0, 32;
    %jmp/0xz  T_7.2, 4;
    %pushi/vec4 26, 0, 16;
    %assign/vec4 v0x558b2c768bd0_0, 0;
T_7.2 ;
T_7.1 ;
    %jmp T_7;
    .thread T_7;
    .scope S_0x558b2c767f80;
T_8 ;
    %wait E_0x558b2c59bce0;
    %load/vec4 v0x558b2c7698f0_0;
    %assign/vec4 v0x558b2c7699b0_0, 0;
    %load/vec4 v0x558b2c7699b0_0;
    %assign/vec4 v0x558b2c769a70_0, 0;
    %jmp T_8;
    .thread T_8;
    .scope S_0x558b2c767f80;
T_9 ;
    %wait E_0x558b2c59bce0;
    %load/vec4 v0x558b2c768cb0_0;
    %flag_set/vec4 8;
    %jmp/0xz  T_9.0, 8;
    %pushi/vec4 0, 0, 1;
    %assign/vec4 v0x558b2c768fd0_0, 0;
    %pushi/vec4 0, 0, 4;
    %assign/vec4 v0x558b2c769090_0, 0;
    %pushi/vec4 0, 0, 4;
    %assign/vec4 v0x558b2c768ef0_0, 0;
    %pushi/vec4 0, 0, 1;
    %assign/vec4 v0x558b2c768e30_0, 0;
    %pushi/vec4 0, 0, 1;
    %assign/vec4 v0x558b2c769250_0, 0;
    %jmp T_9.1;
T_9.0 ;
    %load/vec4 v0x558b2c768d70_0;
    %flag_set/vec4 8;
    %jmp/0xz  T_9.2, 8;
    %pushi/vec4 0, 0, 1;
    %assign/vec4 v0x558b2c768e30_0, 0;
    %pushi/vec4 0, 0, 1;
    %assign/vec4 v0x558b2c769250_0, 0;
T_9.2 ;
    %load/vec4 v0x558b2c768ac0_0;
    %flag_set/vec4 8;
    %jmp/0xz  T_9.4, 8;
    %load/vec4 v0x558b2c768fd0_0;
    %nor/r;
    %flag_set/vec4 8;
    %jmp/0xz  T_9.6, 8;
    %load/vec4 v0x558b2c769a70_0;
    %nor/r;
    %flag_set/vec4 8;
    %jmp/0xz  T_9.8, 8;
    %pushi/vec4 1, 0, 1;
    %assign/vec4 v0x558b2c768fd0_0, 0;
    %pushi/vec4 7, 0, 4;
    %assign/vec4 v0x558b2c769090_0, 0;
    %pushi/vec4 0, 0, 4;
    %assign/vec4 v0x558b2c768ef0_0, 0;
T_9.8 ;
    %jmp T_9.7;
T_9.6 ;
    %load/vec4 v0x558b2c769090_0;
    %addi 1, 0, 4;
    %assign/vec4 v0x558b2c769090_0, 0;
    %load/vec4 v0x558b2c769090_0;
    %pad/u 32;
    %cmpi/e 0, 0, 32;
    %jmp/0xz  T_9.10, 4;
    %load/vec4 v0x558b2c768ef0_0;
    %addi 1, 0, 4;
    %assign/vec4 v0x558b2c768ef0_0, 0;
    %load/vec4 v0x558b2c768ef0_0;
    %pad/u 32;
    %cmpi/e 0, 0, 32;
    %jmp/0xz  T_9.12, 4;
    %load/vec4 v0x558b2c769a70_0;
    %flag_set/vec4 8;
    %jmp/0xz  T_9.14, 8;
    %pushi/vec4 0, 0, 1;
    %assign/vec4 v0x558b2c768fd0_0, 0;
T_9.14 ;
    %jmp T_9.13;
T_9.12 ;
    %load/vec4 v0x558b2c768ef0_0;
    %pad/u 32;
    %cmpi/e 9, 0, 32;
    %jmp/0xz  T_9.16, 4;
    %pushi/vec4 0, 0, 1;
    %assign/vec4 v0x558b2c768fd0_0, 0;
    %load/vec4 v0x558b2c769a70_0;
    %flag_set/vec4 8;
    %jmp/0xz  T_9.18, 8;
    %load/vec4 v0x558b2c769310_0;
    %assign/vec4 v0x558b2c769170_0, 0;
    %pushi/vec4 1, 0, 1;
    %assign/vec4 v0x558b2c768e30_0, 0;
    %pushi/vec4 0, 0, 1;
    %assign/vec4 v0x558b2c769250_0, 0;
    %jmp T_9.19;
T_9.18 ;
    %pushi/vec4 1, 0, 1;
    %assign/vec4 v0x558b2c769250_0, 0;
T_9.19 ;
    %jmp T_9.17;
T_9.16 ;
    %load/vec4 v0x558b2c769a70_0;
    %load/vec4 v0x558b2c769310_0;
    %parti/s 7, 1, 2;
    %concat/vec4; draw_concat_vec4
    %assign/vec4 v0x558b2c769310_0, 0;
T_9.17 ;
T_9.13 ;
T_9.10 ;
T_9.7 ;
T_9.4 ;
T_9.1 ;
    %jmp T_9;
    .thread T_9;
    .scope S_0x558b2c767f80;
T_10 ;
    %wait E_0x558b2c59bce0;
    %load/vec4 v0x558b2c768cb0_0;
    %flag_set/vec4 8;
    %jmp/0xz  T_10.0, 8;
    %pushi/vec4 0, 0, 1;
    %assign/vec4 v0x558b2c7694d0_0, 0;
    %pushi/vec4 1, 0, 1;
    %assign/vec4 v0x558b2c769b30_0, 0;
    %pushi/vec4 0, 0, 4;
    %assign/vec4 v0x558b2c769590_0, 0;
    %jmp T_10.1;
T_10.0 ;
    %load/vec4 v0x558b2c769750_0;
    %flag_set/vec4 9;
    %flag_get/vec4 9;
    %jmp/0 T_10.4, 9;
    %load/vec4 v0x558b2c7694d0_0;
    %nor/r;
    %and;
T_10.4;
    %flag_set/vec4 8;
    %jmp/0xz  T_10.2, 8;
    %load/vec4 v0x558b2c769670_0;
    %assign/vec4 v0x558b2c769810_0, 0;
    %pushi/vec4 0, 0, 4;
    %assign/vec4 v0x558b2c7693f0_0, 0;
    %pushi/vec4 0, 0, 4;
    %assign/vec4 v0x558b2c769590_0, 0;
    %pushi/vec4 1, 0, 1;
    %assign/vec4 v0x558b2c7694d0_0, 0;
T_10.2 ;
    %load/vec4 v0x558b2c768ac0_0;
    %flag_set/vec4 8;
    %jmp/0xz  T_10.5, 8;
    %load/vec4 v0x558b2c769590_0;
    %addi 1, 0, 4;
    %assign/vec4 v0x558b2c769590_0, 0;
    %load/vec4 v0x558b2c769590_0;
    %pad/u 32;
    %cmpi/e 0, 0, 32;
    %flag_get/vec4 4;
    %jmp/0 T_10.9, 4;
    %load/vec4 v0x558b2c7694d0_0;
    %and;
T_10.9;
    %flag_set/vec4 8;
    %jmp/0xz  T_10.7, 8;
    %load/vec4 v0x558b2c7693f0_0;
    %addi 1, 0, 4;
    %assign/vec4 v0x558b2c7693f0_0, 0;
    %load/vec4 v0x558b2c7693f0_0;
    %pad/u 32;
    %cmpi/e 0, 0, 32;
    %jmp/0xz  T_10.10, 4;
    %pushi/vec4 0, 0, 1;
    %assign/vec4 v0x558b2c769b30_0, 0;
    %jmp T_10.11;
T_10.10 ;
    %load/vec4 v0x558b2c7693f0_0;
    %pad/u 32;
    %cmpi/e 9, 0, 32;
    %jmp/0xz  T_10.12, 4;
    %pushi/vec4 1, 0, 1;
    %assign/vec4 v0x558b2c769b30_0, 0;
    %jmp T_10.13;
T_10.12 ;
    %load/vec4 v0x558b2c7693f0_0;
    %pad/u 32;
    %cmpi/e 10, 0, 32;
    %jmp/0xz  T_10.14, 4;
    %pushi/vec4 0, 0, 4;
    %assign/vec4 v0x558b2c7693f0_0, 0;
    %pushi/vec4 0, 0, 1;
    %assign/vec4 v0x558b2c7694d0_0, 0;
    %jmp T_10.15;
T_10.14 ;
    %load/vec4 v0x558b2c769810_0;
    %parti/s 1, 0, 2;
    %assign/vec4 v0x558b2c769b30_0, 0;
    %pushi/vec4 0, 0, 1;
    %load/vec4 v0x558b2c769810_0;
    %parti/s 7, 1, 2;
    %concat/vec4; draw_concat_vec4
    %assign/vec4 v0x558b2c769810_0, 0;
T_10.15 ;
T_10.13 ;
T_10.11 ;
T_10.7 ;
T_10.5 ;
T_10.1 ;
    %jmp T_10;
    .thread T_10;
    .scope S_0x558b2c767ab0;
T_11 ;
    %pushi/vec4 0, 0, 1;
    %store/vec4 v0x558b2c76a280_0, 0, 1;
    %pushi/vec4 0, 0, 8;
    %store/vec4 v0x558b2c76a0b0_0, 0, 8;
    %pushi/vec4 0, 0, 8;
    %store/vec4 v0x558b2c76a860_0, 0, 8;
    %end;
    .thread T_11;
    .scope S_0x558b2c767ab0;
T_12 ;
    %wait E_0x558b2c765960;
    %load/vec4 v0x558b2c769db0_0;
    %dup/vec4;
    %pushi/vec4 8, 0, 5;
    %cmp/u;
    %jmp/1 T_12.0, 6;
    %dup/vec4;
    %pushi/vec4 16, 0, 5;
    %cmp/u;
    %jmp/1 T_12.1, 6;
    %pushi/vec4 0, 0, 2;
    %store/vec4 v0x558b2c76a6f0_0, 0, 2;
    %jmp T_12.3;
T_12.0 ;
    %load/vec4 v0x558b2c769f70_0;
    %flag_set/vec4 8;
    %jmp/0 T_12.4, 8;
    %pushi/vec4 1, 0, 2;
    %jmp/1 T_12.5, 8;
T_12.4 ; End of true expr.
    %pushi/vec4 0, 0, 2;
    %jmp/0 T_12.5, 8;
 ; End of false expr.
    %blend;
T_12.5;
    %store/vec4 v0x558b2c76a6f0_0, 0, 2;
    %jmp T_12.3;
T_12.1 ;
    %load/vec4 v0x558b2c769f70_0;
    %flag_set/vec4 8;
    %jmp/0 T_12.6, 8;
    %pushi/vec4 2, 0, 2;
    %jmp/1 T_12.7, 8;
T_12.6 ; End of true expr.
    %pushi/vec4 0, 0, 2;
    %jmp/0 T_12.7, 8;
 ; End of false expr.
    %blend;
T_12.7;
    %store/vec4 v0x558b2c76a6f0_0, 0, 2;
    %jmp T_12.3;
T_12.3 ;
    %pop/vec4 1;
    %jmp T_12;
    .thread T_12, $push;
    .scope S_0x558b2c767ab0;
T_13 ;
    %wait E_0x558b2c59bce0;
    %load/vec4 v0x558b2c76a6f0_0;
    %parti/s 1, 0, 2;
    %load/vec4 v0x558b2c76abb0_0;
    %and;
    %flag_set/vec4 8;
    %jmp/0 T_13.0, 8;
    %load/vec4 v0x558b2c76a010_0;
    %parti/s 8, 0, 2;
    %jmp/1 T_13.1, 8;
T_13.0 ; End of true expr.
    %load/vec4 v0x558b2c76a0b0_0;
    %jmp/0 T_13.1, 8;
 ; End of false expr.
    %blend;
T_13.1;
    %store/vec4 v0x558b2c76a0b0_0, 0, 8;
    %load/vec4 v0x558b2c76a6f0_0;
    %parti/s 1, 1, 2;
    %load/vec4 v0x558b2c76abb0_0;
    %and;
    %flag_set/vec4 8;
    %jmp/0 T_13.2, 8;
    %load/vec4 v0x558b2c76a010_0;
    %parti/s 8, 0, 2;
    %jmp/1 T_13.3, 8;
T_13.2 ; End of true expr.
    %load/vec4 v0x558b2c76a860_0;
    %jmp/0 T_13.3, 8;
 ; End of false expr.
    %blend;
T_13.3;
    %store/vec4 v0x558b2c76a860_0, 0, 8;
    %load/vec4 v0x558b2c76a860_0;
    %parti/s 1, 2, 3;
    %store/vec4 v0x558b2c76a280_0, 0, 1;
    %jmp T_13;
    .thread T_13;
    .scope S_0x558b2c767ab0;
T_14 ;
    %wait E_0x558b2c59bce0;
    %load/vec4 v0x558b2c76a6f0_0;
    %dup/vec4;
    %pushi/vec4 1, 0, 2;
    %cmp/u;
    %jmp/1 T_14.0, 6;
    %dup/vec4;
    %pushi/vec4 2, 0, 2;
    %cmp/u;
    %jmp/1 T_14.1, 6;
    %pushi/vec4 0, 0, 32;
    %store/vec4 v0x558b2c76a1c0_0, 0, 32;
    %jmp T_14.3;
T_14.0 ;
    %pushi/vec4 0, 0, 24;
    %load/vec4 v0x558b2c76a550_0;
    %concat/vec4; draw_concat_vec4
    %store/vec4 v0x558b2c76a1c0_0, 0, 32;
    %jmp T_14.3;
T_14.1 ;
    %pushi/vec4 0, 0, 22;
    %load/vec4 v0x558b2c76a790_0;
    %concat/vec4; draw_concat_vec4
    %load/vec4 v0x558b2c76a480_0;
    %concat/vec4; draw_concat_vec4
    %load/vec4 v0x558b2c76a620_0;
    %concat/vec4; draw_concat_vec4
    %concati/vec4 0, 0, 7;
    %store/vec4 v0x558b2c76a1c0_0, 0, 32;
    %jmp T_14.3;
T_14.3 ;
    %pop/vec4 1;
    %jmp T_14;
    .thread T_14;
    .scope S_0x558b2c75f6e0;
T_15 ;
    %wait E_0x558b2c755e10;
    %load/vec4 v0x558b2c75ff00_0;
    %flag_set/vec4 8;
    %jmp/0xz  T_15.0, 8;
    %pushi/vec4 0, 0, 20;
    %ix/load 4, 16, 0;
    %ix/load 5, 0, 0;
    %flag_set/imm 4, 0;
    %assign/vec4/off/d v0x558b2c75fa70_0, 4, 5;
    %load/vec4 v0x558b2c75fb50_0;
    %ix/load 4, 0, 0;
    %ix/load 5, 0, 0;
    %flag_set/imm 4, 0;
    %assign/vec4/off/d v0x558b2c75fa70_0, 4, 5;
    %jmp T_15.1;
T_15.0 ;
    %load/vec4 v0x558b2c75fff0_0;
    %flag_set/vec4 8;
    %jmp/0xz  T_15.2, 8;
    %load/vec4 v0x558b2c75fa70_0;
    %parti/s 35, 0, 2;
    %concati/vec4 0, 0, 1;
    %assign/vec4 v0x558b2c75fa70_0, 0;
    %jmp T_15.3;
T_15.2 ;
    %load/vec4 v0x558b2c75fcf0_0;
    %parti/s 1, 4, 4;
    %pad/u 32;
    %cmpi/e 1, 0, 32;
    %jmp/0xz  T_15.4, 4;
    %load/vec4 v0x558b2c75fc10_0;
    %parti/s 4, 16, 6;
    %ix/load 4, 32, 0;
    %ix/load 5, 0, 0;
    %flag_set/imm 4, 0;
    %assign/vec4/off/d v0x558b2c75fa70_0, 4, 5;
T_15.4 ;
    %load/vec4 v0x558b2c75fcf0_0;
    %parti/s 1, 3, 3;
    %pad/u 32;
    %cmpi/e 1, 0, 32;
    %jmp/0xz  T_15.6, 4;
    %load/vec4 v0x558b2c75fc10_0;
    %parti/s 4, 12, 5;
    %ix/load 4, 28, 0;
    %ix/load 5, 0, 0;
    %flag_set/imm 4, 0;
    %assign/vec4/off/d v0x558b2c75fa70_0, 4, 5;
T_15.6 ;
    %load/vec4 v0x558b2c75fcf0_0;
    %parti/s 1, 2, 3;
    %pad/u 32;
    %cmpi/e 1, 0, 32;
    %jmp/0xz  T_15.8, 4;
    %load/vec4 v0x558b2c75fc10_0;
    %parti/s 4, 8, 5;
    %ix/load 4, 24, 0;
    %ix/load 5, 0, 0;
    %flag_set/imm 4, 0;
    %assign/vec4/off/d v0x558b2c75fa70_0, 4, 5;
T_15.8 ;
    %load/vec4 v0x558b2c75fcf0_0;
    %parti/s 1, 1, 2;
    %pad/u 32;
    %cmpi/e 1, 0, 32;
    %jmp/0xz  T_15.10, 4;
    %load/vec4 v0x558b2c75fc10_0;
    %parti/s 4, 4, 4;
    %ix/load 4, 20, 0;
    %ix/load 5, 0, 0;
    %flag_set/imm 4, 0;
    %assign/vec4/off/d v0x558b2c75fa70_0, 4, 5;
T_15.10 ;
    %load/vec4 v0x558b2c75fcf0_0;
    %parti/s 1, 0, 2;
    %pad/u 32;
    %cmpi/e 1, 0, 32;
    %jmp/0xz  T_15.12, 4;
    %load/vec4 v0x558b2c75fc10_0;
    %parti/s 4, 0, 2;
    %ix/load 4, 16, 0;
    %ix/load 5, 0, 0;
    %flag_set/imm 4, 0;
    %assign/vec4/off/d v0x558b2c75fa70_0, 4, 5;
T_15.12 ;
T_15.3 ;
T_15.1 ;
    %jmp T_15;
    .thread T_15;
    .scope S_0x558b2c760200;
T_16 ;
    %wait E_0x558b2c75f8c0;
    %load/vec4 v0x558b2c7607c0_0;
    %flag_set/vec4 8;
    %jmp/0xz  T_16.0, 8;
    %load/vec4 v0x558b2c760620_0;
    %store/vec4 v0x558b2c760700_0, 0, 4;
    %jmp T_16.1;
T_16.0 ;
    %load/vec4 v0x558b2c760520_0;
    %store/vec4 v0x558b2c760700_0, 0, 4;
T_16.1 ;
    %jmp T_16;
    .thread T_16, $push;
    .scope S_0x558b2c7608f0;
T_17 ;
    %wait E_0x558b2c760af0;
    %load/vec4 v0x558b2c760e40_0;
    %flag_set/vec4 8;
    %jmp/0xz  T_17.0, 8;
    %load/vec4 v0x558b2c760c70_0;
    %store/vec4 v0x558b2c760d50_0, 0, 4;
    %jmp T_17.1;
T_17.0 ;
    %load/vec4 v0x558b2c760b70_0;
    %store/vec4 v0x558b2c760d50_0, 0, 4;
T_17.1 ;
    %jmp T_17;
    .thread T_17, $push;
    .scope S_0x558b2c760fb0;
T_18 ;
    %wait E_0x558b2c761200;
    %load/vec4 v0x558b2c761550_0;
    %flag_set/vec4 8;
    %jmp/0xz  T_18.0, 8;
    %load/vec4 v0x558b2c761380_0;
    %store/vec4 v0x558b2c761460_0, 0, 4;
    %jmp T_18.1;
T_18.0 ;
    %load/vec4 v0x558b2c761280_0;
    %store/vec4 v0x558b2c761460_0, 0, 4;
T_18.1 ;
    %jmp T_18;
    .thread T_18, $push;
    .scope S_0x558b2c7616a0;
T_19 ;
    %wait E_0x558b2c7618f0;
    %load/vec4 v0x558b2c761c40_0;
    %flag_set/vec4 8;
    %jmp/0xz  T_19.0, 8;
    %load/vec4 v0x558b2c761a70_0;
    %store/vec4 v0x558b2c761b50_0, 0, 4;
    %jmp T_19.1;
T_19.0 ;
    %load/vec4 v0x558b2c761970_0;
    %store/vec4 v0x558b2c761b50_0, 0, 4;
T_19.1 ;
    %jmp T_19;
    .thread T_19, $push;
    .scope S_0x558b2c761e20;
T_20 ;
    %wait E_0x558b2c762020;
    %load/vec4 v0x558b2c762370_0;
    %flag_set/vec4 8;
    %jmp/0xz  T_20.0, 8;
    %load/vec4 v0x558b2c7621a0_0;
    %store/vec4 v0x558b2c762280_0, 0, 4;
    %jmp T_20.1;
T_20.0 ;
    %load/vec4 v0x558b2c7620a0_0;
    %store/vec4 v0x558b2c762280_0, 0, 4;
T_20.1 ;
    %jmp T_20;
    .thread T_20, $push;
    .scope S_0x558b2c75c040;
T_21 ;
    %wait E_0x558b2c75c2b0;
    %load/vec4 v0x558b2c75c430_0;
    %load/vec4 v0x558b2c75c510_0;
    %add;
    %store/vec4 v0x558b2c75c330_0, 0, 4;
    %jmp T_21;
    .thread T_21, $push;
    .scope S_0x558b2c75c650;
T_22 ;
    %wait E_0x558b2c75c880;
    %load/vec4 v0x558b2c75ca00_0;
    %load/vec4 v0x558b2c75cae0_0;
    %add;
    %store/vec4 v0x558b2c75c900_0, 0, 4;
    %jmp T_22;
    .thread T_22, $push;
    .scope S_0x558b2c75cc20;
T_23 ;
    %wait E_0x558b2c75ce50;
    %load/vec4 v0x558b2c75cfb0_0;
    %load/vec4 v0x558b2c75d090_0;
    %add;
    %store/vec4 v0x558b2c75ceb0_0, 0, 4;
    %jmp T_23;
    .thread T_23, $push;
    .scope S_0x558b2c75d1d0;
T_24 ;
    %wait E_0x558b2c75d400;
    %load/vec4 v0x558b2c75d580_0;
    %load/vec4 v0x558b2c75d660_0;
    %add;
    %store/vec4 v0x558b2c75d480_0, 0, 4;
    %jmp T_24;
    .thread T_24, $push;
    .scope S_0x558b2c75d7a0;
T_25 ;
    %wait E_0x558b2c75da20;
    %load/vec4 v0x558b2c75dba0_0;
    %load/vec4 v0x558b2c75dc80_0;
    %add;
    %store/vec4 v0x558b2c75daa0_0, 0, 4;
    %jmp T_25;
    .thread T_25, $push;
    .scope S_0x558b2c7624c0;
T_26 ;
    %wait E_0x558b2c762780;
    %load/vec4 v0x558b2c762b30_0;
    %flag_set/vec4 8;
    %jmp/0xz  T_26.0, 8;
    %load/vec4 v0x558b2c7628c0_0;
    %inv;
    %store/vec4 v0x558b2c762c20_0, 0, 5;
    %jmp T_26.1;
T_26.0 ;
    %pushi/vec4 0, 0, 5;
    %store/vec4 v0x558b2c762c20_0, 0, 5;
T_26.1 ;
    %jmp T_26;
    .thread T_26, $push;
    .scope S_0x558b2c7624c0;
T_27 ;
    %wait E_0x558b2c755e10;
    %load/vec4 v0x558b2c762cf0_0;
    %flag_set/vec4 8;
    %jmp/0xz  T_27.0, 8;
    %pushi/vec4 0, 0, 5;
    %assign/vec4 v0x558b2c7628c0_0, 0;
    %jmp T_27.1;
T_27.0 ;
    %load/vec4 v0x558b2c762a60_0;
    %flag_set/vec4 8;
    %jmp/0xz  T_27.2, 8;
    %load/vec4 v0x558b2c7629a0_0;
    %assign/vec4 v0x558b2c7628c0_0, 0;
T_27.2 ;
T_27.1 ;
    %jmp T_27;
    .thread T_27;
    .scope S_0x558b2c75f0c0;
T_28 ;
    %pushi/vec4 8, 0, 5;
    %store/vec4 v0x558b2c75f310_0, 0, 5;
    %end;
    .thread T_28;
    .scope S_0x558b2c75f0c0;
T_29 ;
    %wait E_0x558b2c755e10;
    %load/vec4 v0x558b2c75f4f0_0;
    %flag_set/vec4 8;
    %jmp/0xz  T_29.0, 8;
    %pushi/vec4 16, 0, 5;
    %assign/vec4 v0x558b2c75f310_0, 0;
    %jmp T_29.1;
T_29.0 ;
    %load/vec4 v0x558b2c75f3f0_0;
    %flag_set/vec4 8;
    %jmp/0xz  T_29.2, 8;
    %load/vec4 v0x558b2c75f310_0;
    %subi 1, 0, 5;
    %assign/vec4 v0x558b2c75f310_0, 0;
    %jmp T_29.3;
T_29.2 ;
    %load/vec4 v0x558b2c75f310_0;
    %assign/vec4 v0x558b2c75f310_0, 0;
T_29.3 ;
T_29.1 ;
    %load/vec4 v0x558b2c75f310_0;
    %pad/u 32;
    %cmpi/e 0, 0, 32;
    %flag_mov 8, 4;
    %jmp/0 T_29.4, 8;
    %pushi/vec4 1, 0, 2;
    %jmp/1 T_29.5, 8;
T_29.4 ; End of true expr.
    %pushi/vec4 0, 0, 2;
    %jmp/0 T_29.5, 8;
 ; End of false expr.
    %blend;
T_29.5;
    %pad/s 1;
    %store/vec4 v0x558b2c75f5c0_0, 0, 1;
    %jmp T_29;
    .thread T_29;
    .scope S_0x558b2c75ddc0;
T_30 ;
    %wait E_0x558b2c59bce0;
    %load/vec4 v0x558b2c75eac0_0;
    %flag_set/vec4 8;
    %jmp/0xz  T_30.0, 8;
    %pushi/vec4 0, 0, 3;
    %store/vec4 v0x558b2c75ed00_0, 0, 3;
    %pushi/vec4 0, 0, 6;
    %store/vec4 v0x558b2c75e6d0_0, 0, 6;
    %jmp T_30.1;
T_30.0 ;
    %load/vec4 v0x558b2c75ed00_0;
    %dup/vec4;
    %pushi/vec4 0, 0, 3;
    %cmp/u;
    %jmp/1 T_30.2, 6;
    %dup/vec4;
    %pushi/vec4 2, 0, 3;
    %cmp/u;
    %jmp/1 T_30.3, 6;
    %dup/vec4;
    %pushi/vec4 1, 0, 3;
    %cmp/u;
    %jmp/1 T_30.4, 6;
    %dup/vec4;
    %pushi/vec4 4, 0, 3;
    %cmp/u;
    %jmp/1 T_30.5, 6;
    %dup/vec4;
    %pushi/vec4 3, 0, 3;
    %cmp/u;
    %jmp/1 T_30.6, 6;
    %dup/vec4;
    %pushi/vec4 5, 0, 3;
    %cmp/u;
    %jmp/1 T_30.7, 6;
    %pushi/vec4 0, 0, 3;
    %store/vec4 v0x558b2c75ed00_0, 0, 3;
    %jmp T_30.9;
T_30.2 ;
    %pushi/vec4 0, 0, 6;
    %store/vec4 v0x558b2c75e6d0_0, 0, 6;
    %load/vec4 v0x558b2c75e830_0;
    %flag_set/vec4 8;
    %jmp/0xz  T_30.10, 8;
    %pushi/vec4 2, 0, 3;
    %store/vec4 v0x558b2c75ed00_0, 0, 3;
    %jmp T_30.11;
T_30.10 ;
    %pushi/vec4 0, 0, 3;
    %store/vec4 v0x558b2c75ed00_0, 0, 3;
T_30.11 ;
    %jmp T_30.9;
T_30.3 ;
    %pushi/vec4 1, 0, 3;
    %store/vec4 v0x558b2c75ed00_0, 0, 3;
    %jmp T_30.9;
T_30.4 ;
    %load/vec4 v0x558b2c75eec0_0;
    %flag_set/vec4 8;
    %jmp/0xz  T_30.12, 8;
    %pushi/vec4 5, 0, 3;
    %store/vec4 v0x558b2c75ed00_0, 0, 3;
    %jmp T_30.13;
T_30.12 ;
    %pushi/vec4 4, 0, 3;
    %store/vec4 v0x558b2c75ed00_0, 0, 3;
T_30.13 ;
    %jmp T_30.9;
T_30.5 ;
    %pushi/vec4 3, 0, 3;
    %store/vec4 v0x558b2c75ed00_0, 0, 3;
    %jmp T_30.9;
T_30.6 ;
    %pushi/vec4 2, 0, 3;
    %store/vec4 v0x558b2c75ed00_0, 0, 3;
    %jmp T_30.9;
T_30.7 ;
    %load/vec4 v0x558b2c75e6d0_0;
    %addi 1, 0, 6;
    %store/vec4 v0x558b2c75e6d0_0, 0, 6;
    %load/vec4 v0x558b2c75e6d0_0;
    %pad/u 32;
    %cmpi/u 30, 0, 32;
    %flag_or 5, 4; GT is !LE
    %flag_inv 5;
    %flag_mov 8, 5;
    %jmp/0 T_30.14, 8;
    %pushi/vec4 0, 0, 3;
    %jmp/1 T_30.15, 8;
T_30.14 ; End of true expr.
    %pushi/vec4 5, 0, 3;
    %jmp/0 T_30.15, 8;
 ; End of false expr.
    %blend;
T_30.15;
    %store/vec4 v0x558b2c75ed00_0, 0, 3;
    %jmp T_30.9;
T_30.9 ;
    %pop/vec4 1;
T_30.1 ;
    %jmp T_30;
    .thread T_30;
    .scope S_0x558b2c75ddc0;
T_31 ;
    %wait E_0x558b2c75e4d0;
    %load/vec4 v0x558b2c75ed00_0;
    %dup/vec4;
    %pushi/vec4 0, 0, 3;
    %cmp/u;
    %jmp/1 T_31.0, 6;
    %dup/vec4;
    %pushi/vec4 2, 0, 3;
    %cmp/u;
    %jmp/1 T_31.1, 6;
    %dup/vec4;
    %pushi/vec4 1, 0, 3;
    %cmp/u;
    %jmp/1 T_31.2, 6;
    %dup/vec4;
    %pushi/vec4 4, 0, 3;
    %cmp/u;
    %jmp/1 T_31.3, 6;
    %dup/vec4;
    %pushi/vec4 3, 0, 3;
    %cmp/u;
    %jmp/1 T_31.4, 6;
    %dup/vec4;
    %pushi/vec4 5, 0, 3;
    %cmp/u;
    %jmp/1 T_31.5, 6;
    %pushi/vec4 0, 0, 1;
    %store/vec4 v0x558b2c75e770_0, 0, 1;
    %pushi/vec4 0, 0, 1;
    %store/vec4 v0x558b2c75ea00_0, 0, 1;
    %pushi/vec4 0, 0, 1;
    %store/vec4 v0x558b2c75eb80_0, 0, 1;
    %pushi/vec4 0, 0, 1;
    %store/vec4 v0x558b2c75ec40_0, 0, 1;
    %pushi/vec4 1, 0, 1;
    %store/vec4 v0x558b2c75e940_0, 0, 1;
    %pushi/vec4 0, 0, 1;
    %store/vec4 v0x558b2c75e530_0, 0, 1;
    %jmp T_31.7;
T_31.0 ;
    %pushi/vec4 0, 0, 1;
    %store/vec4 v0x558b2c75e770_0, 0, 1;
    %pushi/vec4 0, 0, 1;
    %store/vec4 v0x558b2c75ea00_0, 0, 1;
    %pushi/vec4 0, 0, 1;
    %store/vec4 v0x558b2c75eb80_0, 0, 1;
    %pushi/vec4 0, 0, 1;
    %store/vec4 v0x558b2c75ec40_0, 0, 1;
    %pushi/vec4 1, 0, 1;
    %store/vec4 v0x558b2c75e940_0, 0, 1;
    %pushi/vec4 0, 0, 1;
    %store/vec4 v0x558b2c75e530_0, 0, 1;
    %jmp T_31.7;
T_31.1 ;
    %pushi/vec4 0, 0, 1;
    %store/vec4 v0x558b2c75e770_0, 0, 1;
    %pushi/vec4 1, 0, 1;
    %store/vec4 v0x558b2c75ea00_0, 0, 1;
    %pushi/vec4 1, 0, 1;
    %store/vec4 v0x558b2c75eb80_0, 0, 1;
    %pushi/vec4 1, 0, 1;
    %store/vec4 v0x558b2c75ec40_0, 0, 1;
    %pushi/vec4 0, 0, 1;
    %store/vec4 v0x558b2c75e940_0, 0, 1;
    %pushi/vec4 0, 0, 1;
    %store/vec4 v0x558b2c75e530_0, 0, 1;
    %jmp T_31.7;
T_31.2 ;
    %pushi/vec4 0, 0, 1;
    %store/vec4 v0x558b2c75e770_0, 0, 1;
    %pushi/vec4 1, 0, 1;
    %store/vec4 v0x558b2c75ea00_0, 0, 1;
    %pushi/vec4 1, 0, 1;
    %store/vec4 v0x558b2c75eb80_0, 0, 1;
    %pushi/vec4 0, 0, 1;
    %store/vec4 v0x558b2c75ec40_0, 0, 1;
    %pushi/vec4 0, 0, 1;
    %store/vec4 v0x558b2c75e940_0, 0, 1;
    %pushi/vec4 0, 0, 1;
    %store/vec4 v0x558b2c75e530_0, 0, 1;
    %jmp T_31.7;
T_31.3 ;
    %pushi/vec4 0, 0, 1;
    %store/vec4 v0x558b2c75e770_0, 0, 1;
    %pushi/vec4 0, 0, 1;
    %store/vec4 v0x558b2c75ea00_0, 0, 1;
    %pushi/vec4 0, 0, 1;
    %store/vec4 v0x558b2c75eb80_0, 0, 1;
    %pushi/vec4 0, 0, 1;
    %store/vec4 v0x558b2c75ec40_0, 0, 1;
    %pushi/vec4 0, 0, 1;
    %store/vec4 v0x558b2c75e940_0, 0, 1;
    %pushi/vec4 1, 0, 1;
    %store/vec4 v0x558b2c75e530_0, 0, 1;
    %jmp T_31.7;
T_31.4 ;
    %pushi/vec4 0, 0, 1;
    %store/vec4 v0x558b2c75e770_0, 0, 1;
    %pushi/vec4 0, 0, 1;
    %store/vec4 v0x558b2c75ea00_0, 0, 1;
    %pushi/vec4 0, 0, 1;
    %store/vec4 v0x558b2c75eb80_0, 0, 1;
    %pushi/vec4 0, 0, 1;
    %store/vec4 v0x558b2c75ec40_0, 0, 1;
    %pushi/vec4 0, 0, 1;
    %store/vec4 v0x558b2c75e940_0, 0, 1;
    %pushi/vec4 0, 0, 1;
    %store/vec4 v0x558b2c75e530_0, 0, 1;
    %jmp T_31.7;
T_31.5 ;
    %pushi/vec4 1, 0, 1;
    %store/vec4 v0x558b2c75e770_0, 0, 1;
    %pushi/vec4 0, 0, 1;
    %store/vec4 v0x558b2c75ea00_0, 0, 1;
    %pushi/vec4 0, 0, 1;
    %store/vec4 v0x558b2c75eb80_0, 0, 1;
    %pushi/vec4 0, 0, 1;
    %store/vec4 v0x558b2c75ec40_0, 0, 1;
    %pushi/vec4 0, 0, 1;
    %store/vec4 v0x558b2c75e940_0, 0, 1;
    %pushi/vec4 0, 0, 1;
    %store/vec4 v0x558b2c75e530_0, 0, 1;
    %jmp T_31.7;
T_31.7 ;
    %pop/vec4 1;
    %jmp T_31;
    .thread T_31, $push;
    .scope S_0x558b2c75ddc0;
T_32 ;
    %wait E_0x558b2c75e4d0;
    %load/vec4 v0x558b2c75ed00_0;
    %dup/vec4;
    %pushi/vec4 0, 0, 3;
    %cmp/u;
    %jmp/1 T_32.0, 6;
    %dup/vec4;
    %pushi/vec4 1, 0, 3;
    %cmp/u;
    %jmp/1 T_32.1, 6;
    %dup/vec4;
    %pushi/vec4 2, 0, 3;
    %cmp/u;
    %jmp/1 T_32.2, 6;
    %dup/vec4;
    %pushi/vec4 3, 0, 3;
    %cmp/u;
    %jmp/1 T_32.3, 6;
    %dup/vec4;
    %pushi/vec4 4, 0, 3;
    %cmp/u;
    %jmp/1 T_32.4, 6;
    %dup/vec4;
    %pushi/vec4 5, 0, 3;
    %cmp/u;
    %jmp/1 T_32.5, 6;
    %jmp T_32.6;
T_32.0 ;
    %pushi/vec4 0, 0, 32; draw_string_vec4
    %pushi/vec4 0, 0, 32; draw_string_vec4
    %concat/vec4; draw_string_vec4
    %pushi/vec4 0, 0, 32; draw_string_vec4
    %concat/vec4; draw_string_vec4
    %pushi/vec4 0, 0, 32; draw_string_vec4
    %concat/vec4; draw_string_vec4
    %pushi/vec4 0, 0, 32; draw_string_vec4
    %concat/vec4; draw_string_vec4
    %pushi/vec4 0, 0, 32; draw_string_vec4
    %concat/vec4; draw_string_vec4
    %pushi/vec4 0, 0, 32; draw_string_vec4
    %concat/vec4; draw_string_vec4
    %pushi/vec4 0, 0, 32; draw_string_vec4
    %concat/vec4; draw_string_vec4
    %pushi/vec4 83, 0, 32; draw_string_vec4
    %concat/vec4; draw_string_vec4
    %pushi/vec4 1413567060, 0, 32; draw_string_vec4
    %concat/vec4; draw_string_vec4
    %store/vec4 v0x558b2c75ede0_0, 0, 320;
    %jmp T_32.6;
T_32.1 ;
    %pushi/vec4 0, 0, 32; draw_string_vec4
    %pushi/vec4 0, 0, 32; draw_string_vec4
    %concat/vec4; draw_string_vec4
    %pushi/vec4 0, 0, 32; draw_string_vec4
    %concat/vec4; draw_string_vec4
    %pushi/vec4 0, 0, 32; draw_string_vec4
    %concat/vec4; draw_string_vec4
    %pushi/vec4 0, 0, 32; draw_string_vec4
    %concat/vec4; draw_string_vec4
    %pushi/vec4 0, 0, 32; draw_string_vec4
    %concat/vec4; draw_string_vec4
    %pushi/vec4 0, 0, 32; draw_string_vec4
    %concat/vec4; draw_string_vec4
    %pushi/vec4 0, 0, 32; draw_string_vec4
    %concat/vec4; draw_string_vec4
    %pushi/vec4 67, 0, 32; draw_string_vec4
    %concat/vec4; draw_string_vec4
    %pushi/vec4 1212498763, 0, 32; draw_string_vec4
    %concat/vec4; draw_string_vec4
    %store/vec4 v0x558b2c75ede0_0, 0, 320;
    %jmp T_32.6;
T_32.2 ;
    %pushi/vec4 0, 0, 32; draw_string_vec4
    %pushi/vec4 0, 0, 32; draw_string_vec4
    %concat/vec4; draw_string_vec4
    %pushi/vec4 0, 0, 32; draw_string_vec4
    %concat/vec4; draw_string_vec4
    %pushi/vec4 0, 0, 32; draw_string_vec4
    %concat/vec4; draw_string_vec4
    %pushi/vec4 0, 0, 32; draw_string_vec4
    %concat/vec4; draw_string_vec4
    %pushi/vec4 0, 0, 32; draw_string_vec4
    %concat/vec4; draw_string_vec4
    %pushi/vec4 0, 0, 32; draw_string_vec4
    %concat/vec4; draw_string_vec4
    %pushi/vec4 83, 0, 32; draw_string_vec4
    %concat/vec4; draw_string_vec4
    %pushi/vec4 1212761684, 0, 32; draw_string_vec4
    %concat/vec4; draw_string_vec4
    %pushi/vec4 1598309699, 0, 32; draw_string_vec4
    %concat/vec4; draw_string_vec4
    %store/vec4 v0x558b2c75ede0_0, 0, 320;
    %jmp T_32.6;
T_32.3 ;
    %pushi/vec4 0, 0, 32; draw_string_vec4
    %pushi/vec4 0, 0, 32; draw_string_vec4
    %concat/vec4; draw_string_vec4
    %pushi/vec4 0, 0, 32; draw_string_vec4
    %concat/vec4; draw_string_vec4
    %pushi/vec4 0, 0, 32; draw_string_vec4
    %concat/vec4; draw_string_vec4
    %pushi/vec4 0, 0, 32; draw_string_vec4
    %concat/vec4; draw_string_vec4
    %pushi/vec4 0, 0, 32; draw_string_vec4
    %concat/vec4; draw_string_vec4
    %pushi/vec4 0, 0, 32; draw_string_vec4
    %concat/vec4; draw_string_vec4
    %pushi/vec4 0, 0, 32; draw_string_vec4
    %concat/vec4; draw_string_vec4
    %pushi/vec4 0, 0, 32; draw_string_vec4
    %concat/vec4; draw_string_vec4
    %pushi/vec4 4277316, 0, 32; draw_string_vec4
    %concat/vec4; draw_string_vec4
    %store/vec4 v0x558b2c75ede0_0, 0, 320;
    %jmp T_32.6;
T_32.4 ;
    %pushi/vec4 0, 0, 32; draw_string_vec4
    %pushi/vec4 0, 0, 32; draw_string_vec4
    %concat/vec4; draw_string_vec4
    %pushi/vec4 0, 0, 32; draw_string_vec4
    %concat/vec4; draw_string_vec4
    %pushi/vec4 0, 0, 32; draw_string_vec4
    %concat/vec4; draw_string_vec4
    %pushi/vec4 0, 0, 32; draw_string_vec4
    %concat/vec4; draw_string_vec4
    %pushi/vec4 0, 0, 32; draw_string_vec4
    %concat/vec4; draw_string_vec4
    %pushi/vec4 0, 0, 32; draw_string_vec4
    %concat/vec4; draw_string_vec4
    %pushi/vec4 0, 0, 32; draw_string_vec4
    %concat/vec4; draw_string_vec4
    %pushi/vec4 5001025, 0, 32; draw_string_vec4
    %concat/vec4; draw_string_vec4
    %pushi/vec4 1147093298, 0, 32; draw_string_vec4
    %concat/vec4; draw_string_vec4
    %store/vec4 v0x558b2c75ede0_0, 0, 320;
    %jmp T_32.6;
T_32.5 ;
    %pushi/vec4 0, 0, 32; draw_string_vec4
    %pushi/vec4 0, 0, 32; draw_string_vec4
    %concat/vec4; draw_string_vec4
    %pushi/vec4 0, 0, 32; draw_string_vec4
    %concat/vec4; draw_string_vec4
    %pushi/vec4 0, 0, 32; draw_string_vec4
    %concat/vec4; draw_string_vec4
    %pushi/vec4 0, 0, 32; draw_string_vec4
    %concat/vec4; draw_string_vec4
    %pushi/vec4 0, 0, 32; draw_string_vec4
    %concat/vec4; draw_string_vec4
    %pushi/vec4 0, 0, 32; draw_string_vec4
    %concat/vec4; draw_string_vec4
    %pushi/vec4 0, 0, 32; draw_string_vec4
    %concat/vec4; draw_string_vec4
    %pushi/vec4 0, 0, 32; draw_string_vec4
    %concat/vec4; draw_string_vec4
    %pushi/vec4 1162757169, 0, 32; draw_string_vec4
    %concat/vec4; draw_string_vec4
    %store/vec4 v0x558b2c75ede0_0, 0, 320;
    %jmp T_32.6;
T_32.6 ;
    %pop/vec4 1;
    %jmp T_32;
    .thread T_32, $push;
    .scope S_0x558b2c75ba70;
T_33 ;
    %wait E_0x558b2c740150;
    %load/vec4 v0x558b2c764680_0;
    %flag_set/vec4 8;
    %jmp/0xz  T_33.0, 8;
    %load/vec4 v0x558b2c764500_0;
    %dup/vec4;
    %pushi/vec4 4, 0, 5;
    %cmp/u;
    %jmp/1 T_33.2, 6;
    %dup/vec4;
    %pushi/vec4 12, 0, 5;
    %cmp/u;
    %jmp/1 T_33.3, 6;
    %dup/vec4;
    %pushi/vec4 16, 0, 5;
    %cmp/u;
    %jmp/1 T_33.4, 6;
    %dup/vec4;
    %pushi/vec4 20, 0, 5;
    %cmp/u;
    %jmp/1 T_33.5, 6;
    %pushi/vec4 0, 0, 5;
    %store/vec4 v0x558b2c764d80_0, 0, 5;
    %jmp T_33.7;
T_33.2 ;
    %pushi/vec4 1, 0, 5;
    %store/vec4 v0x558b2c764d80_0, 0, 5;
    %jmp T_33.7;
T_33.3 ;
    %pushi/vec4 4, 0, 5;
    %store/vec4 v0x558b2c764d80_0, 0, 5;
    %jmp T_33.7;
T_33.4 ;
    %pushi/vec4 8, 0, 5;
    %store/vec4 v0x558b2c764d80_0, 0, 5;
    %jmp T_33.7;
T_33.5 ;
    %pushi/vec4 16, 0, 5;
    %store/vec4 v0x558b2c764d80_0, 0, 5;
    %jmp T_33.7;
T_33.7 ;
    %pop/vec4 1;
    %jmp T_33.1;
T_33.0 ;
    %pushi/vec4 0, 0, 5;
    %store/vec4 v0x558b2c764d80_0, 0, 5;
T_33.1 ;
    %jmp T_33;
    .thread T_33, $push;
    .scope S_0x558b2c75ba70;
T_34 ;
    %wait E_0x558b2c59bce0;
    %load/vec4 v0x558b2c764c40_0;
    %flag_set/vec4 8;
    %jmp/0xz  T_34.0, 8;
    %pushi/vec4 0, 0, 1;
    %store/vec4 v0x558b2c764a20_0, 0, 1;
    %pushi/vec4 0, 0, 16;
    %store/vec4 v0x558b2c7643d0_0, 0, 16;
    %jmp T_34.1;
T_34.0 ;
    %load/vec4 v0x558b2c764680_0;
    %flag_set/vec4 9;
    %flag_get/vec4 9;
    %jmp/0 T_34.4, 9;
    %load/vec4 v0x558b2c764e40_0;
    %and;
T_34.4;
    %flag_set/vec4 8;
    %jmp/0xz  T_34.2, 8;
    %load/vec4 v0x558b2c764d80_0;
    %parti/s 1, 0, 2;
    %flag_set/vec4 8;
    %jmp/0 T_34.5, 8;
    %load/vec4 v0x558b2c764720_0;
    %jmp/1 T_34.6, 8;
T_34.5 ; End of true expr.
    %load/vec4 v0x558b2c7643d0_0;
    %jmp/0 T_34.6, 8;
 ; End of false expr.
    %blend;
T_34.6;
    %store/vec4 v0x558b2c7643d0_0, 0, 16;
    %load/vec4 v0x558b2c764d80_0;
    %parti/s 1, 2, 3;
    %flag_set/vec4 8;
    %jmp/0 T_34.7, 8;
    %load/vec4 v0x558b2c764720_0;
    %parti/s 1, 0, 2;
    %jmp/1 T_34.8, 8;
T_34.7 ; End of true expr.
    %load/vec4 v0x558b2c764a20_0;
    %jmp/0 T_34.8, 8;
 ; End of false expr.
    %blend;
T_34.8;
    %store/vec4 v0x558b2c764a20_0, 0, 1;
T_34.2 ;
T_34.1 ;
    %jmp T_34;
    .thread T_34;
    .scope S_0x558b2c75ba70;
T_35 ;
    %wait E_0x558b2c59bce0;
    %load/vec4 v0x558b2c764c40_0;
    %flag_set/vec4 8;
    %jmp/0xz  T_35.0, 8;
    %pushi/vec4 0, 0, 32;
    %store/vec4 v0x558b2c764850_0, 0, 32;
    %jmp T_35.1;
T_35.0 ;
    %load/vec4 v0x558b2c764680_0;
    %flag_set/vec4 8;
    %jmp/0xz  T_35.2, 8;
    %load/vec4 v0x558b2c764d80_0;
    %dup/vec4;
    %pushi/vec4 8, 0, 5;
    %cmp/u;
    %jmp/1 T_35.4, 6;
    %dup/vec4;
    %pushi/vec4 16, 0, 5;
    %cmp/u;
    %jmp/1 T_35.5, 6;
    %jmp T_35.6;
T_35.4 ;
    %pushi/vec4 0, 0, 12;
    %load/vec4 v0x558b2c764ce0_0;
    %concat/vec4; draw_concat_vec4
    %store/vec4 v0x558b2c764850_0, 0, 32;
    %jmp T_35.6;
T_35.5 ;
    %pushi/vec4 0, 0, 31;
    %load/vec4 v0x558b2c764930_0;
    %concat/vec4; draw_concat_vec4
    %store/vec4 v0x558b2c764850_0, 0, 32;
    %jmp T_35.6;
T_35.6 ;
    %pop/vec4 1;
T_35.2 ;
T_35.1 ;
    %jmp T_35;
    .thread T_35;
    .scope S_0x558b2c758cd0;
T_36 ;
    %wait E_0x558b2c755e10;
    %load/vec4 v0x558b2c7595c0_0;
    %flag_set/vec4 8;
    %jmp/0xz  T_36.0, 8;
    %pushi/vec4 0, 0, 16;
    %ix/load 4, 0, 0;
    %ix/load 5, 0, 0;
    %flag_set/imm 4, 0;
    %assign/vec4/off/d v0x558b2c759090_0, 4, 5;
    %load/vec4 v0x558b2c759170_0;
    %ix/load 4, 16, 0;
    %ix/load 5, 0, 0;
    %flag_set/imm 4, 0;
    %assign/vec4/off/d v0x558b2c759090_0, 4, 5;
    %jmp T_36.1;
T_36.0 ;
    %load/vec4 v0x558b2c759660_0;
    %flag_set/vec4 8;
    %jmp/0xz  T_36.2, 8;
    %pushi/vec4 0, 0, 1;
    %load/vec4 v0x558b2c759090_0;
    %parti/s 35, 1, 2;
    %concat/vec4; draw_concat_vec4
    %assign/vec4 v0x558b2c759090_0, 0;
    %jmp T_36.3;
T_36.2 ;
    %load/vec4 v0x558b2c759310_0;
    %parti/s 1, 4, 4;
    %pad/u 32;
    %cmpi/e 1, 0, 32;
    %jmp/0xz  T_36.4, 4;
    %load/vec4 v0x558b2c759230_0;
    %parti/s 4, 16, 6;
    %ix/load 4, 32, 0;
    %ix/load 5, 0, 0;
    %flag_set/imm 4, 0;
    %assign/vec4/off/d v0x558b2c759090_0, 4, 5;
T_36.4 ;
    %load/vec4 v0x558b2c759310_0;
    %parti/s 1, 3, 3;
    %pad/u 32;
    %cmpi/e 1, 0, 32;
    %jmp/0xz  T_36.6, 4;
    %load/vec4 v0x558b2c759230_0;
    %parti/s 4, 12, 5;
    %ix/load 4, 28, 0;
    %ix/load 5, 0, 0;
    %flag_set/imm 4, 0;
    %assign/vec4/off/d v0x558b2c759090_0, 4, 5;
T_36.6 ;
    %load/vec4 v0x558b2c759310_0;
    %parti/s 1, 2, 3;
    %pad/u 32;
    %cmpi/e 1, 0, 32;
    %jmp/0xz  T_36.8, 4;
    %load/vec4 v0x558b2c759230_0;
    %parti/s 4, 8, 5;
    %ix/load 4, 24, 0;
    %ix/load 5, 0, 0;
    %flag_set/imm 4, 0;
    %assign/vec4/off/d v0x558b2c759090_0, 4, 5;
T_36.8 ;
    %load/vec4 v0x558b2c759310_0;
    %parti/s 1, 1, 2;
    %pad/u 32;
    %cmpi/e 1, 0, 32;
    %jmp/0xz  T_36.10, 4;
    %load/vec4 v0x558b2c759230_0;
    %parti/s 4, 4, 4;
    %ix/load 4, 20, 0;
    %ix/load 5, 0, 0;
    %flag_set/imm 4, 0;
    %assign/vec4/off/d v0x558b2c759090_0, 4, 5;
T_36.10 ;
    %load/vec4 v0x558b2c759310_0;
    %parti/s 1, 0, 2;
    %pad/u 32;
    %cmpi/e 1, 0, 32;
    %jmp/0xz  T_36.12, 4;
    %load/vec4 v0x558b2c759230_0;
    %parti/s 4, 0, 2;
    %ix/load 4, 16, 0;
    %ix/load 5, 0, 0;
    %flag_set/imm 4, 0;
    %assign/vec4/off/d v0x558b2c759090_0, 4, 5;
T_36.12 ;
T_36.3 ;
T_36.1 ;
    %jmp T_36;
    .thread T_36;
    .scope S_0x558b2c756320;
T_37 ;
    %wait E_0x558b2c756500;
    %load/vec4 v0x558b2c756850_0;
    %flag_set/vec4 8;
    %jmp/0xz  T_37.0, 8;
    %load/vec4 v0x558b2c756680_0;
    %store/vec4 v0x558b2c756760_0, 0, 4;
    %jmp T_37.1;
T_37.0 ;
    %load/vec4 v0x558b2c756580_0;
    %store/vec4 v0x558b2c756760_0, 0, 4;
T_37.1 ;
    %jmp T_37;
    .thread T_37, $push;
    .scope S_0x558b2c7569b0;
T_38 ;
    %wait E_0x558b2c756b90;
    %load/vec4 v0x558b2c756ee0_0;
    %flag_set/vec4 8;
    %jmp/0xz  T_38.0, 8;
    %load/vec4 v0x558b2c756d10_0;
    %store/vec4 v0x558b2c756df0_0, 0, 4;
    %jmp T_38.1;
T_38.0 ;
    %load/vec4 v0x558b2c756c10_0;
    %store/vec4 v0x558b2c756df0_0, 0, 4;
T_38.1 ;
    %jmp T_38;
    .thread T_38, $push;
    .scope S_0x558b2c757000;
T_39 ;
    %wait E_0x558b2c7571e0;
    %load/vec4 v0x558b2c757530_0;
    %flag_set/vec4 8;
    %jmp/0xz  T_39.0, 8;
    %load/vec4 v0x558b2c757360_0;
    %store/vec4 v0x558b2c757440_0, 0, 4;
    %jmp T_39.1;
T_39.0 ;
    %load/vec4 v0x558b2c757260_0;
    %store/vec4 v0x558b2c757440_0, 0, 4;
T_39.1 ;
    %jmp T_39;
    .thread T_39, $push;
    .scope S_0x558b2c757680;
T_40 ;
    %wait E_0x558b2c757860;
    %load/vec4 v0x558b2c757bb0_0;
    %flag_set/vec4 8;
    %jmp/0xz  T_40.0, 8;
    %load/vec4 v0x558b2c7579e0_0;
    %store/vec4 v0x558b2c757ac0_0, 0, 4;
    %jmp T_40.1;
T_40.0 ;
    %load/vec4 v0x558b2c7578e0_0;
    %store/vec4 v0x558b2c757ac0_0, 0, 4;
T_40.1 ;
    %jmp T_40;
    .thread T_40, $push;
    .scope S_0x558b2c757d00;
T_41 ;
    %wait E_0x558b2c757e90;
    %load/vec4 v0x558b2c7581e0_0;
    %flag_set/vec4 8;
    %jmp/0xz  T_41.0, 8;
    %load/vec4 v0x558b2c758010_0;
    %store/vec4 v0x558b2c7580f0_0, 0, 4;
    %jmp T_41.1;
T_41.0 ;
    %load/vec4 v0x558b2c757f10_0;
    %store/vec4 v0x558b2c7580f0_0, 0, 4;
T_41.1 ;
    %jmp T_41;
    .thread T_41, $push;
    .scope S_0x558b2c72f6e0;
T_42 ;
    %wait E_0x558b2c752d30;
    %load/vec4 v0x558b2c752eb0_0;
    %load/vec4 v0x558b2c752f90_0;
    %add;
    %store/vec4 v0x558b2c752db0_0, 0, 4;
    %jmp T_42;
    .thread T_42, $push;
    .scope S_0x558b2c753100;
T_43 ;
    %wait E_0x558b2c753330;
    %load/vec4 v0x558b2c7534b0_0;
    %load/vec4 v0x558b2c753590_0;
    %add;
    %store/vec4 v0x558b2c7533b0_0, 0, 4;
    %jmp T_43;
    .thread T_43, $push;
    .scope S_0x558b2c753700;
T_44 ;
    %wait E_0x558b2c753960;
    %load/vec4 v0x558b2c753ac0_0;
    %load/vec4 v0x558b2c753ba0_0;
    %add;
    %store/vec4 v0x558b2c7539c0_0, 0, 4;
    %jmp T_44;
    .thread T_44, $push;
    .scope S_0x558b2c753d10;
T_45 ;
    %wait E_0x558b2c753f40;
    %load/vec4 v0x558b2c7540c0_0;
    %load/vec4 v0x558b2c7541a0_0;
    %add;
    %store/vec4 v0x558b2c753fc0_0, 0, 4;
    %jmp T_45;
    .thread T_45, $push;
    .scope S_0x558b2c754310;
T_46 ;
    %wait E_0x558b2c754590;
    %load/vec4 v0x558b2c754710_0;
    %load/vec4 v0x558b2c7547f0_0;
    %add;
    %store/vec4 v0x558b2c754610_0, 0, 4;
    %jmp T_46;
    .thread T_46, $push;
    .scope S_0x558b2c758330;
T_47 ;
    %wait E_0x558b2c7585f0;
    %load/vec4 v0x558b2c7589a0_0;
    %flag_set/vec4 8;
    %jmp/0xz  T_47.0, 8;
    %load/vec4 v0x558b2c758730_0;
    %inv;
    %store/vec4 v0x558b2c758a40_0, 0, 5;
    %jmp T_47.1;
T_47.0 ;
    %pushi/vec4 0, 0, 5;
    %store/vec4 v0x558b2c758a40_0, 0, 5;
T_47.1 ;
    %jmp T_47;
    .thread T_47, $push;
    .scope S_0x558b2c758330;
T_48 ;
    %wait E_0x558b2c755e10;
    %load/vec4 v0x558b2c758ae0_0;
    %flag_set/vec4 8;
    %jmp/0xz  T_48.0, 8;
    %pushi/vec4 0, 0, 5;
    %assign/vec4 v0x558b2c758730_0, 0;
    %jmp T_48.1;
T_48.0 ;
    %load/vec4 v0x558b2c7588d0_0;
    %flag_set/vec4 8;
    %jmp/0xz  T_48.2, 8;
    %load/vec4 v0x558b2c758810_0;
    %assign/vec4 v0x558b2c758730_0, 0;
T_48.2 ;
T_48.1 ;
    %jmp T_48;
    .thread T_48;
    .scope S_0x558b2c755c80;
T_49 ;
    %pushi/vec4 8, 0, 5;
    %store/vec4 v0x558b2c755f50_0, 0, 5;
    %end;
    .thread T_49;
    .scope S_0x558b2c755c80;
T_50 ;
    %wait E_0x558b2c755e10;
    %load/vec4 v0x558b2c756130_0;
    %flag_set/vec4 8;
    %jmp/0xz  T_50.0, 8;
    %pushi/vec4 16, 0, 5;
    %assign/vec4 v0x558b2c755f50_0, 0;
    %jmp T_50.1;
T_50.0 ;
    %load/vec4 v0x558b2c756030_0;
    %flag_set/vec4 8;
    %jmp/0xz  T_50.2, 8;
    %load/vec4 v0x558b2c755f50_0;
    %subi 1, 0, 5;
    %assign/vec4 v0x558b2c755f50_0, 0;
    %jmp T_50.3;
T_50.2 ;
    %load/vec4 v0x558b2c755f50_0;
    %assign/vec4 v0x558b2c755f50_0, 0;
T_50.3 ;
T_50.1 ;
    %load/vec4 v0x558b2c755f50_0;
    %pad/u 32;
    %cmpi/e 0, 0, 32;
    %flag_mov 8, 4;
    %jmp/0 T_50.4, 8;
    %pushi/vec4 1, 0, 2;
    %jmp/1 T_50.5, 8;
T_50.4 ; End of true expr.
    %pushi/vec4 0, 0, 2;
    %jmp/0 T_50.5, 8;
 ; End of false expr.
    %blend;
T_50.5;
    %pad/s 1;
    %store/vec4 v0x558b2c756200_0, 0, 1;
    %jmp T_50;
    .thread T_50;
    .scope S_0x558b2c754930;
T_51 ;
    %wait E_0x558b2c59bce0;
    %load/vec4 v0x558b2c755680_0;
    %flag_set/vec4 8;
    %jmp/0xz  T_51.0, 8;
    %pushi/vec4 0, 0, 3;
    %store/vec4 v0x558b2c7558c0_0, 0, 3;
    %pushi/vec4 0, 0, 6;
    %store/vec4 v0x558b2c755290_0, 0, 6;
    %jmp T_51.1;
T_51.0 ;
    %load/vec4 v0x558b2c7558c0_0;
    %dup/vec4;
    %pushi/vec4 0, 0, 3;
    %cmp/u;
    %jmp/1 T_51.2, 6;
    %dup/vec4;
    %pushi/vec4 2, 0, 3;
    %cmp/u;
    %jmp/1 T_51.3, 6;
    %dup/vec4;
    %pushi/vec4 1, 0, 3;
    %cmp/u;
    %jmp/1 T_51.4, 6;
    %dup/vec4;
    %pushi/vec4 4, 0, 3;
    %cmp/u;
    %jmp/1 T_51.5, 6;
    %dup/vec4;
    %pushi/vec4 3, 0, 3;
    %cmp/u;
    %jmp/1 T_51.6, 6;
    %dup/vec4;
    %pushi/vec4 5, 0, 3;
    %cmp/u;
    %jmp/1 T_51.7, 6;
    %pushi/vec4 0, 0, 3;
    %store/vec4 v0x558b2c7558c0_0, 0, 3;
    %jmp T_51.9;
T_51.2 ;
    %pushi/vec4 0, 0, 6;
    %store/vec4 v0x558b2c755290_0, 0, 6;
    %load/vec4 v0x558b2c7553f0_0;
    %flag_set/vec4 8;
    %jmp/0xz  T_51.10, 8;
    %pushi/vec4 2, 0, 3;
    %store/vec4 v0x558b2c7558c0_0, 0, 3;
    %jmp T_51.11;
T_51.10 ;
    %pushi/vec4 0, 0, 3;
    %store/vec4 v0x558b2c7558c0_0, 0, 3;
T_51.11 ;
    %jmp T_51.9;
T_51.3 ;
    %pushi/vec4 1, 0, 3;
    %store/vec4 v0x558b2c7558c0_0, 0, 3;
    %jmp T_51.9;
T_51.4 ;
    %load/vec4 v0x558b2c755a80_0;
    %flag_set/vec4 8;
    %jmp/0xz  T_51.12, 8;
    %pushi/vec4 5, 0, 3;
    %store/vec4 v0x558b2c7558c0_0, 0, 3;
    %jmp T_51.13;
T_51.12 ;
    %pushi/vec4 4, 0, 3;
    %store/vec4 v0x558b2c7558c0_0, 0, 3;
T_51.13 ;
    %jmp T_51.9;
T_51.5 ;
    %pushi/vec4 3, 0, 3;
    %store/vec4 v0x558b2c7558c0_0, 0, 3;
    %jmp T_51.9;
T_51.6 ;
    %pushi/vec4 2, 0, 3;
    %store/vec4 v0x558b2c7558c0_0, 0, 3;
    %jmp T_51.9;
T_51.7 ;
    %load/vec4 v0x558b2c755290_0;
    %addi 1, 0, 6;
    %store/vec4 v0x558b2c755290_0, 0, 6;
    %load/vec4 v0x558b2c755290_0;
    %pad/u 32;
    %cmpi/u 30, 0, 32;
    %flag_or 5, 4; GT is !LE
    %flag_inv 5;
    %flag_mov 8, 5;
    %jmp/0 T_51.14, 8;
    %pushi/vec4 0, 0, 3;
    %jmp/1 T_51.15, 8;
T_51.14 ; End of true expr.
    %pushi/vec4 5, 0, 3;
    %jmp/0 T_51.15, 8;
 ; End of false expr.
    %blend;
T_51.15;
    %store/vec4 v0x558b2c7558c0_0, 0, 3;
    %jmp T_51.9;
T_51.9 ;
    %pop/vec4 1;
T_51.1 ;
    %jmp T_51;
    .thread T_51;
    .scope S_0x558b2c754930;
T_52 ;
    %wait E_0x558b2c755040;
    %load/vec4 v0x558b2c7558c0_0;
    %dup/vec4;
    %pushi/vec4 0, 0, 3;
    %cmp/u;
    %jmp/1 T_52.0, 6;
    %dup/vec4;
    %pushi/vec4 2, 0, 3;
    %cmp/u;
    %jmp/1 T_52.1, 6;
    %dup/vec4;
    %pushi/vec4 1, 0, 3;
    %cmp/u;
    %jmp/1 T_52.2, 6;
    %dup/vec4;
    %pushi/vec4 4, 0, 3;
    %cmp/u;
    %jmp/1 T_52.3, 6;
    %dup/vec4;
    %pushi/vec4 3, 0, 3;
    %cmp/u;
    %jmp/1 T_52.4, 6;
    %dup/vec4;
    %pushi/vec4 5, 0, 3;
    %cmp/u;
    %jmp/1 T_52.5, 6;
    %pushi/vec4 0, 0, 1;
    %store/vec4 v0x558b2c755330_0, 0, 1;
    %pushi/vec4 0, 0, 1;
    %store/vec4 v0x558b2c7555c0_0, 0, 1;
    %pushi/vec4 0, 0, 1;
    %store/vec4 v0x558b2c755740_0, 0, 1;
    %pushi/vec4 0, 0, 1;
    %store/vec4 v0x558b2c755800_0, 0, 1;
    %pushi/vec4 1, 0, 1;
    %store/vec4 v0x558b2c755500_0, 0, 1;
    %pushi/vec4 0, 0, 1;
    %store/vec4 v0x558b2c7550a0_0, 0, 1;
    %jmp T_52.7;
T_52.0 ;
    %pushi/vec4 0, 0, 1;
    %store/vec4 v0x558b2c755330_0, 0, 1;
    %pushi/vec4 0, 0, 1;
    %store/vec4 v0x558b2c7555c0_0, 0, 1;
    %pushi/vec4 0, 0, 1;
    %store/vec4 v0x558b2c755740_0, 0, 1;
    %pushi/vec4 0, 0, 1;
    %store/vec4 v0x558b2c755800_0, 0, 1;
    %pushi/vec4 1, 0, 1;
    %store/vec4 v0x558b2c755500_0, 0, 1;
    %pushi/vec4 0, 0, 1;
    %store/vec4 v0x558b2c7550a0_0, 0, 1;
    %jmp T_52.7;
T_52.1 ;
    %pushi/vec4 0, 0, 1;
    %store/vec4 v0x558b2c755330_0, 0, 1;
    %pushi/vec4 1, 0, 1;
    %store/vec4 v0x558b2c7555c0_0, 0, 1;
    %pushi/vec4 1, 0, 1;
    %store/vec4 v0x558b2c755740_0, 0, 1;
    %pushi/vec4 1, 0, 1;
    %store/vec4 v0x558b2c755800_0, 0, 1;
    %pushi/vec4 0, 0, 1;
    %store/vec4 v0x558b2c755500_0, 0, 1;
    %pushi/vec4 0, 0, 1;
    %store/vec4 v0x558b2c7550a0_0, 0, 1;
    %jmp T_52.7;
T_52.2 ;
    %pushi/vec4 0, 0, 1;
    %store/vec4 v0x558b2c755330_0, 0, 1;
    %pushi/vec4 1, 0, 1;
    %store/vec4 v0x558b2c7555c0_0, 0, 1;
    %pushi/vec4 1, 0, 1;
    %store/vec4 v0x558b2c755740_0, 0, 1;
    %pushi/vec4 0, 0, 1;
    %store/vec4 v0x558b2c755800_0, 0, 1;
    %pushi/vec4 0, 0, 1;
    %store/vec4 v0x558b2c755500_0, 0, 1;
    %pushi/vec4 0, 0, 1;
    %store/vec4 v0x558b2c7550a0_0, 0, 1;
    %jmp T_52.7;
T_52.3 ;
    %pushi/vec4 0, 0, 1;
    %store/vec4 v0x558b2c755330_0, 0, 1;
    %pushi/vec4 0, 0, 1;
    %store/vec4 v0x558b2c7555c0_0, 0, 1;
    %pushi/vec4 0, 0, 1;
    %store/vec4 v0x558b2c755740_0, 0, 1;
    %pushi/vec4 0, 0, 1;
    %store/vec4 v0x558b2c755800_0, 0, 1;
    %pushi/vec4 0, 0, 1;
    %store/vec4 v0x558b2c755500_0, 0, 1;
    %pushi/vec4 1, 0, 1;
    %store/vec4 v0x558b2c7550a0_0, 0, 1;
    %jmp T_52.7;
T_52.4 ;
    %pushi/vec4 0, 0, 1;
    %store/vec4 v0x558b2c755330_0, 0, 1;
    %pushi/vec4 0, 0, 1;
    %store/vec4 v0x558b2c7555c0_0, 0, 1;
    %pushi/vec4 0, 0, 1;
    %store/vec4 v0x558b2c755740_0, 0, 1;
    %pushi/vec4 0, 0, 1;
    %store/vec4 v0x558b2c755800_0, 0, 1;
    %pushi/vec4 0, 0, 1;
    %store/vec4 v0x558b2c755500_0, 0, 1;
    %pushi/vec4 0, 0, 1;
    %store/vec4 v0x558b2c7550a0_0, 0, 1;
    %jmp T_52.7;
T_52.5 ;
    %pushi/vec4 1, 0, 1;
    %store/vec4 v0x558b2c755330_0, 0, 1;
    %pushi/vec4 0, 0, 1;
    %store/vec4 v0x558b2c7555c0_0, 0, 1;
    %pushi/vec4 0, 0, 1;
    %store/vec4 v0x558b2c755740_0, 0, 1;
    %pushi/vec4 0, 0, 1;
    %store/vec4 v0x558b2c755800_0, 0, 1;
    %pushi/vec4 0, 0, 1;
    %store/vec4 v0x558b2c755500_0, 0, 1;
    %pushi/vec4 0, 0, 1;
    %store/vec4 v0x558b2c7550a0_0, 0, 1;
    %jmp T_52.7;
T_52.7 ;
    %pop/vec4 1;
    %jmp T_52;
    .thread T_52, $push;
    .scope S_0x558b2c754930;
T_53 ;
    %wait E_0x558b2c755040;
    %load/vec4 v0x558b2c7558c0_0;
    %dup/vec4;
    %pushi/vec4 0, 0, 3;
    %cmp/u;
    %jmp/1 T_53.0, 6;
    %dup/vec4;
    %pushi/vec4 1, 0, 3;
    %cmp/u;
    %jmp/1 T_53.1, 6;
    %dup/vec4;
    %pushi/vec4 2, 0, 3;
    %cmp/u;
    %jmp/1 T_53.2, 6;
    %dup/vec4;
    %pushi/vec4 3, 0, 3;
    %cmp/u;
    %jmp/1 T_53.3, 6;
    %dup/vec4;
    %pushi/vec4 4, 0, 3;
    %cmp/u;
    %jmp/1 T_53.4, 6;
    %dup/vec4;
    %pushi/vec4 5, 0, 3;
    %cmp/u;
    %jmp/1 T_53.5, 6;
    %jmp T_53.6;
T_53.0 ;
    %pushi/vec4 0, 0, 32; draw_string_vec4
    %pushi/vec4 0, 0, 32; draw_string_vec4
    %concat/vec4; draw_string_vec4
    %pushi/vec4 0, 0, 32; draw_string_vec4
    %concat/vec4; draw_string_vec4
    %pushi/vec4 0, 0, 32; draw_string_vec4
    %concat/vec4; draw_string_vec4
    %pushi/vec4 0, 0, 32; draw_string_vec4
    %concat/vec4; draw_string_vec4
    %pushi/vec4 0, 0, 32; draw_string_vec4
    %concat/vec4; draw_string_vec4
    %pushi/vec4 0, 0, 32; draw_string_vec4
    %concat/vec4; draw_string_vec4
    %pushi/vec4 0, 0, 32; draw_string_vec4
    %concat/vec4; draw_string_vec4
    %pushi/vec4 83, 0, 32; draw_string_vec4
    %concat/vec4; draw_string_vec4
    %pushi/vec4 1413567060, 0, 32; draw_string_vec4
    %concat/vec4; draw_string_vec4
    %store/vec4 v0x558b2c7559a0_0, 0, 320;
    %jmp T_53.6;
T_53.1 ;
    %pushi/vec4 0, 0, 32; draw_string_vec4
    %pushi/vec4 0, 0, 32; draw_string_vec4
    %concat/vec4; draw_string_vec4
    %pushi/vec4 0, 0, 32; draw_string_vec4
    %concat/vec4; draw_string_vec4
    %pushi/vec4 0, 0, 32; draw_string_vec4
    %concat/vec4; draw_string_vec4
    %pushi/vec4 0, 0, 32; draw_string_vec4
    %concat/vec4; draw_string_vec4
    %pushi/vec4 0, 0, 32; draw_string_vec4
    %concat/vec4; draw_string_vec4
    %pushi/vec4 0, 0, 32; draw_string_vec4
    %concat/vec4; draw_string_vec4
    %pushi/vec4 0, 0, 32; draw_string_vec4
    %concat/vec4; draw_string_vec4
    %pushi/vec4 67, 0, 32; draw_string_vec4
    %concat/vec4; draw_string_vec4
    %pushi/vec4 1212498763, 0, 32; draw_string_vec4
    %concat/vec4; draw_string_vec4
    %store/vec4 v0x558b2c7559a0_0, 0, 320;
    %jmp T_53.6;
T_53.2 ;
    %pushi/vec4 0, 0, 32; draw_string_vec4
    %pushi/vec4 0, 0, 32; draw_string_vec4
    %concat/vec4; draw_string_vec4
    %pushi/vec4 0, 0, 32; draw_string_vec4
    %concat/vec4; draw_string_vec4
    %pushi/vec4 0, 0, 32; draw_string_vec4
    %concat/vec4; draw_string_vec4
    %pushi/vec4 0, 0, 32; draw_string_vec4
    %concat/vec4; draw_string_vec4
    %pushi/vec4 0, 0, 32; draw_string_vec4
    %concat/vec4; draw_string_vec4
    %pushi/vec4 0, 0, 32; draw_string_vec4
    %concat/vec4; draw_string_vec4
    %pushi/vec4 83, 0, 32; draw_string_vec4
    %concat/vec4; draw_string_vec4
    %pushi/vec4 1212761684, 0, 32; draw_string_vec4
    %concat/vec4; draw_string_vec4
    %pushi/vec4 1598309699, 0, 32; draw_string_vec4
    %concat/vec4; draw_string_vec4
    %store/vec4 v0x558b2c7559a0_0, 0, 320;
    %jmp T_53.6;
T_53.3 ;
    %pushi/vec4 0, 0, 32; draw_string_vec4
    %pushi/vec4 0, 0, 32; draw_string_vec4
    %concat/vec4; draw_string_vec4
    %pushi/vec4 0, 0, 32; draw_string_vec4
    %concat/vec4; draw_string_vec4
    %pushi/vec4 0, 0, 32; draw_string_vec4
    %concat/vec4; draw_string_vec4
    %pushi/vec4 0, 0, 32; draw_string_vec4
    %concat/vec4; draw_string_vec4
    %pushi/vec4 0, 0, 32; draw_string_vec4
    %concat/vec4; draw_string_vec4
    %pushi/vec4 0, 0, 32; draw_string_vec4
    %concat/vec4; draw_string_vec4
    %pushi/vec4 0, 0, 32; draw_string_vec4
    %concat/vec4; draw_string_vec4
    %pushi/vec4 0, 0, 32; draw_string_vec4
    %concat/vec4; draw_string_vec4
    %pushi/vec4 4277316, 0, 32; draw_string_vec4
    %concat/vec4; draw_string_vec4
    %store/vec4 v0x558b2c7559a0_0, 0, 320;
    %jmp T_53.6;
T_53.4 ;
    %pushi/vec4 0, 0, 32; draw_string_vec4
    %pushi/vec4 0, 0, 32; draw_string_vec4
    %concat/vec4; draw_string_vec4
    %pushi/vec4 0, 0, 32; draw_string_vec4
    %concat/vec4; draw_string_vec4
    %pushi/vec4 0, 0, 32; draw_string_vec4
    %concat/vec4; draw_string_vec4
    %pushi/vec4 0, 0, 32; draw_string_vec4
    %concat/vec4; draw_string_vec4
    %pushi/vec4 0, 0, 32; draw_string_vec4
    %concat/vec4; draw_string_vec4
    %pushi/vec4 0, 0, 32; draw_string_vec4
    %concat/vec4; draw_string_vec4
    %pushi/vec4 0, 0, 32; draw_string_vec4
    %concat/vec4; draw_string_vec4
    %pushi/vec4 5001025, 0, 32; draw_string_vec4
    %concat/vec4; draw_string_vec4
    %pushi/vec4 1147093298, 0, 32; draw_string_vec4
    %concat/vec4; draw_string_vec4
    %store/vec4 v0x558b2c7559a0_0, 0, 320;
    %jmp T_53.6;
T_53.5 ;
    %pushi/vec4 0, 0, 32; draw_string_vec4
    %pushi/vec4 0, 0, 32; draw_string_vec4
    %concat/vec4; draw_string_vec4
    %pushi/vec4 0, 0, 32; draw_string_vec4
    %concat/vec4; draw_string_vec4
    %pushi/vec4 0, 0, 32; draw_string_vec4
    %concat/vec4; draw_string_vec4
    %pushi/vec4 0, 0, 32; draw_string_vec4
    %concat/vec4; draw_string_vec4
    %pushi/vec4 0, 0, 32; draw_string_vec4
    %concat/vec4; draw_string_vec4
    %pushi/vec4 0, 0, 32; draw_string_vec4
    %concat/vec4; draw_string_vec4
    %pushi/vec4 0, 0, 32; draw_string_vec4
    %concat/vec4; draw_string_vec4
    %pushi/vec4 0, 0, 32; draw_string_vec4
    %concat/vec4; draw_string_vec4
    %pushi/vec4 1162757169, 0, 32; draw_string_vec4
    %concat/vec4; draw_string_vec4
    %store/vec4 v0x558b2c7559a0_0, 0, 320;
    %jmp T_53.6;
T_53.6 ;
    %pop/vec4 1;
    %jmp T_53;
    .thread T_53, $push;
    .scope S_0x558b2c706c10;
T_54 ;
    %wait E_0x558b2c7400c0;
    %load/vec4 v0x558b2c75aff0_0;
    %flag_set/vec4 8;
    %jmp/0xz  T_54.0, 8;
    %load/vec4 v0x558b2c75ae70_0;
    %dup/vec4;
    %pushi/vec4 4, 0, 5;
    %cmp/u;
    %jmp/1 T_54.2, 6;
    %dup/vec4;
    %pushi/vec4 12, 0, 5;
    %cmp/u;
    %jmp/1 T_54.3, 6;
    %dup/vec4;
    %pushi/vec4 16, 0, 5;
    %cmp/u;
    %jmp/1 T_54.4, 6;
    %dup/vec4;
    %pushi/vec4 20, 0, 5;
    %cmp/u;
    %jmp/1 T_54.5, 6;
    %pushi/vec4 0, 0, 5;
    %store/vec4 v0x558b2c75b780_0, 0, 5;
    %jmp T_54.7;
T_54.2 ;
    %pushi/vec4 1, 0, 5;
    %store/vec4 v0x558b2c75b780_0, 0, 5;
    %jmp T_54.7;
T_54.3 ;
    %pushi/vec4 4, 0, 5;
    %store/vec4 v0x558b2c75b780_0, 0, 5;
    %jmp T_54.7;
T_54.4 ;
    %pushi/vec4 8, 0, 5;
    %store/vec4 v0x558b2c75b780_0, 0, 5;
    %jmp T_54.7;
T_54.5 ;
    %pushi/vec4 16, 0, 5;
    %store/vec4 v0x558b2c75b780_0, 0, 5;
    %jmp T_54.7;
T_54.7 ;
    %pop/vec4 1;
    %jmp T_54.1;
T_54.0 ;
    %pushi/vec4 0, 0, 5;
    %store/vec4 v0x558b2c75b780_0, 0, 5;
T_54.1 ;
    %jmp T_54;
    .thread T_54, $push;
    .scope S_0x558b2c706c10;
T_55 ;
    %wait E_0x558b2c59bce0;
    %load/vec4 v0x558b2c75b5d0_0;
    %flag_set/vec4 8;
    %jmp/0xz  T_55.0, 8;
    %pushi/vec4 0, 0, 1;
    %store/vec4 v0x558b2c75b390_0, 0, 1;
    %pushi/vec4 0, 0, 20;
    %store/vec4 v0x558b2c75ad40_0, 0, 20;
    %jmp T_55.1;
T_55.0 ;
    %load/vec4 v0x558b2c75aff0_0;
    %flag_set/vec4 9;
    %flag_get/vec4 9;
    %jmp/0 T_55.4, 9;
    %load/vec4 v0x558b2c75b860_0;
    %and;
T_55.4;
    %flag_set/vec4 8;
    %jmp/0xz  T_55.2, 8;
    %load/vec4 v0x558b2c75b780_0;
    %parti/s 1, 0, 2;
    %flag_set/vec4 8;
    %jmp/0 T_55.5, 8;
    %load/vec4 v0x558b2c75b090_0;
    %jmp/1 T_55.6, 8;
T_55.5 ; End of true expr.
    %load/vec4 v0x558b2c75ad40_0;
    %jmp/0 T_55.6, 8;
 ; End of false expr.
    %blend;
T_55.6;
    %store/vec4 v0x558b2c75ad40_0, 0, 20;
    %load/vec4 v0x558b2c75b780_0;
    %parti/s 1, 2, 3;
    %flag_set/vec4 8;
    %jmp/0 T_55.7, 8;
    %load/vec4 v0x558b2c75b090_0;
    %parti/s 1, 0, 2;
    %jmp/1 T_55.8, 8;
T_55.7 ; End of true expr.
    %load/vec4 v0x558b2c75b390_0;
    %jmp/0 T_55.8, 8;
 ; End of false expr.
    %blend;
T_55.8;
    %store/vec4 v0x558b2c75b390_0, 0, 1;
T_55.2 ;
T_55.1 ;
    %jmp T_55;
    .thread T_55;
    .scope S_0x558b2c706c10;
T_56 ;
    %wait E_0x558b2c59bce0;
    %load/vec4 v0x558b2c75b5d0_0;
    %flag_set/vec4 8;
    %jmp/0xz  T_56.0, 8;
    %pushi/vec4 0, 0, 32;
    %store/vec4 v0x558b2c75b1c0_0, 0, 32;
    %jmp T_56.1;
T_56.0 ;
    %load/vec4 v0x558b2c75aff0_0;
    %flag_set/vec4 8;
    %jmp/0xz  T_56.2, 8;
    %load/vec4 v0x558b2c75b780_0;
    %dup/vec4;
    %pushi/vec4 8, 0, 5;
    %cmp/u;
    %jmp/1 T_56.4, 6;
    %dup/vec4;
    %pushi/vec4 16, 0, 5;
    %cmp/u;
    %jmp/1 T_56.5, 6;
    %jmp T_56.6;
T_56.4 ;
    %pushi/vec4 0, 0, 16;
    %load/vec4 v0x558b2c75b670_0;
    %concat/vec4; draw_concat_vec4
    %store/vec4 v0x558b2c75b1c0_0, 0, 32;
    %jmp T_56.6;
T_56.5 ;
    %pushi/vec4 0, 0, 31;
    %load/vec4 v0x558b2c75b2a0_0;
    %concat/vec4; draw_concat_vec4
    %store/vec4 v0x558b2c75b1c0_0, 0, 32;
    %jmp T_56.6;
T_56.6 ;
    %pop/vec4 1;
T_56.2 ;
T_56.1 ;
    %jmp T_56;
    .thread T_56;
    .scope S_0x558b2c765350;
T_57 ;
    %wait E_0x558b2c59bce0;
    %load/vec4 v0x558b2c766ab0_0;
    %flag_set/vec4 8;
    %jmp/0xz  T_57.0, 8;
    %pushi/vec4 0, 0, 3;
    %assign/vec4 v0x558b2c766660_0, 0;
    %jmp T_57.1;
T_57.0 ;
    %load/vec4 v0x558b2c7669d0_0;
    %assign/vec4 v0x558b2c766660_0, 0;
T_57.1 ;
    %jmp T_57;
    .thread T_57;
    .scope S_0x558b2c765350;
T_58 ;
    %wait E_0x558b2c765a50;
    %load/vec4 v0x558b2c766660_0;
    %store/vec4 v0x558b2c7669d0_0, 0, 3;
    %pushi/vec4 0, 0, 1;
    %store/vec4 v0x558b2c765fe0_0, 0, 1;
    %pushi/vec4 0, 0, 1;
    %store/vec4 v0x558b2c766b70_0, 0, 1;
    %pushi/vec4 0, 0, 1;
    %store/vec4 v0x558b2c766c30_0, 0, 1;
    %pushi/vec4 0, 0, 1;
    %store/vec4 v0x558b2c765b90_0, 0, 1;
    %pushi/vec4 0, 0, 1;
    %store/vec4 v0x558b2c765f20_0, 0, 1;
    %pushi/vec4 0, 0, 1;
    %store/vec4 v0x558b2c766740_0, 0, 1;
    %load/vec4 v0x558b2c766660_0;
    %dup/vec4;
    %pushi/vec4 0, 0, 3;
    %cmp/u;
    %jmp/1 T_58.0, 6;
    %dup/vec4;
    %pushi/vec4 1, 0, 3;
    %cmp/u;
    %jmp/1 T_58.1, 6;
    %dup/vec4;
    %pushi/vec4 2, 0, 3;
    %cmp/u;
    %jmp/1 T_58.2, 6;
    %dup/vec4;
    %pushi/vec4 3, 0, 3;
    %cmp/u;
    %jmp/1 T_58.3, 6;
    %dup/vec4;
    %pushi/vec4 4, 0, 3;
    %cmp/u;
    %jmp/1 T_58.4, 6;
    %dup/vec4;
    %pushi/vec4 5, 0, 3;
    %cmp/u;
    %jmp/1 T_58.5, 6;
    %dup/vec4;
    %pushi/vec4 6, 0, 3;
    %cmp/u;
    %jmp/1 T_58.6, 6;
    %jmp T_58.7;
T_58.0 ;
    %load/vec4 v0x558b2c766800_0;
    %flag_set/vec4 8;
    %jmp/0xz  T_58.8, 8;
    %pushi/vec4 1, 0, 1;
    %store/vec4 v0x558b2c765fe0_0, 0, 1;
    %pushi/vec4 1, 0, 3;
    %store/vec4 v0x558b2c7669d0_0, 0, 3;
T_58.8 ;
    %jmp T_58.7;
T_58.1 ;
    %load/vec4 v0x558b2c7660a0_0;
    %flag_set/vec4 8;
    %jmp/0xz  T_58.10, 8;
    %pushi/vec4 2, 0, 3;
    %store/vec4 v0x558b2c7669d0_0, 0, 3;
    %jmp T_58.11;
T_58.10 ;
    %pushi/vec4 3, 0, 3;
    %store/vec4 v0x558b2c7669d0_0, 0, 3;
T_58.11 ;
    %jmp T_58.7;
T_58.2 ;
    %pushi/vec4 1, 0, 1;
    %store/vec4 v0x558b2c765b90_0, 0, 1;
    %pushi/vec4 3, 0, 3;
    %store/vec4 v0x558b2c7669d0_0, 0, 3;
    %jmp T_58.7;
T_58.3 ;
    %pushi/vec4 1, 0, 1;
    %store/vec4 v0x558b2c766b70_0, 0, 1;
    %pushi/vec4 1, 0, 1;
    %store/vec4 v0x558b2c765f20_0, 0, 1;
    %pushi/vec4 4, 0, 3;
    %store/vec4 v0x558b2c7669d0_0, 0, 3;
    %jmp T_58.7;
T_58.4 ;
    %load/vec4 v0x558b2c766cf0_0;
    %flag_set/vec4 8;
    %jmp/0xz  T_58.12, 8;
    %pushi/vec4 6, 0, 3;
    %store/vec4 v0x558b2c7669d0_0, 0, 3;
    %jmp T_58.13;
T_58.12 ;
    %pushi/vec4 5, 0, 3;
    %store/vec4 v0x558b2c7669d0_0, 0, 3;
T_58.13 ;
    %jmp T_58.7;
T_58.5 ;
    %pushi/vec4 1, 0, 1;
    %store/vec4 v0x558b2c766c30_0, 0, 1;
    %pushi/vec4 1, 0, 3;
    %store/vec4 v0x558b2c7669d0_0, 0, 3;
    %jmp T_58.7;
T_58.6 ;
    %pushi/vec4 1, 0, 1;
    %store/vec4 v0x558b2c766740_0, 0, 1;
    %load/vec4 v0x558b2c766800_0;
    %flag_set/vec4 8;
    %jmp/0xz  T_58.14, 8;
    %pushi/vec4 1, 0, 1;
    %store/vec4 v0x558b2c765fe0_0, 0, 1;
    %pushi/vec4 1, 0, 3;
    %store/vec4 v0x558b2c7669d0_0, 0, 3;
T_58.14 ;
    %jmp T_58.7;
T_58.7 ;
    %pop/vec4 1;
    %jmp T_58;
    .thread T_58, $push;
    .scope S_0x558b2c765350;
T_59 ;
    %wait E_0x558b2c59bce0;
    %load/vec4 v0x558b2c766ab0_0;
    %flag_set/vec4 8;
    %jmp/0xz  T_59.0, 8;
    %pushi/vec4 0, 0, 32;
    %assign/vec4 v0x558b2c765c50_0, 0;
    %pushi/vec4 0, 0, 16;
    %assign/vec4 v0x558b2c765df0_0, 0;
    %pushi/vec4 0, 0, 32;
    %assign/vec4 v0x558b2c766160_0, 0;
    %pushi/vec4 0, 0, 5;
    %assign/vec4 v0x558b2c766580_0, 0;
    %jmp T_59.1;
T_59.0 ;
    %load/vec4 v0x558b2c765fe0_0;
    %flag_set/vec4 8;
    %jmp/0xz  T_59.2, 8;
    %pushi/vec4 0, 0, 16;
    %load/vec4 v0x558b2c765a90_0;
    %concat/vec4; draw_concat_vec4
    %assign/vec4 v0x558b2c765c50_0, 0;
    %load/vec4 v0x558b2c765d10_0;
    %assign/vec4 v0x558b2c765df0_0, 0;
    %pushi/vec4 0, 0, 32;
    %assign/vec4 v0x558b2c766160_0, 0;
    %pushi/vec4 16, 0, 5;
    %assign/vec4 v0x558b2c766580_0, 0;
    %jmp T_59.3;
T_59.2 ;
    %load/vec4 v0x558b2c765b90_0;
    %flag_set/vec4 8;
    %jmp/0xz  T_59.4, 8;
    %load/vec4 v0x558b2c766160_0;
    %load/vec4 v0x558b2c765c50_0;
    %add;
    %assign/vec4 v0x558b2c766160_0, 0;
    %jmp T_59.5;
T_59.4 ;
    %load/vec4 v0x558b2c766b70_0;
    %load/vec4 v0x558b2c765f20_0;
    %and;
    %flag_set/vec4 8;
    %jmp/0xz  T_59.6, 8;
    %load/vec4 v0x558b2c765c50_0;
    %ix/load 4, 1, 0;
    %flag_set/imm 4, 0;
    %shiftl 4;
    %assign/vec4 v0x558b2c765c50_0, 0;
    %load/vec4 v0x558b2c766580_0;
    %subi 1, 0, 5;
    %assign/vec4 v0x558b2c766580_0, 0;
    %jmp T_59.7;
T_59.6 ;
    %load/vec4 v0x558b2c766c30_0;
    %flag_set/vec4 8;
    %jmp/0xz  T_59.8, 8;
    %load/vec4 v0x558b2c765df0_0;
    %ix/load 4, 1, 0;
    %flag_set/imm 4, 0;
    %shiftr 4;
    %assign/vec4 v0x558b2c765df0_0, 0;
T_59.8 ;
T_59.7 ;
T_59.5 ;
T_59.3 ;
T_59.1 ;
    %jmp T_59;
    .thread T_59;
    .scope S_0x558b2c765010;
T_60 ;
    %wait E_0x558b2c75bf60;
    %load/vec4 v0x558b2c7671f0_0;
    %flag_set/vec4 8;
    %jmp/0xz  T_60.0, 8;
    %load/vec4 v0x558b2c767080_0;
    %dup/vec4;
    %pushi/vec4 4, 0, 5;
    %cmp/u;
    %jmp/1 T_60.2, 6;
    %dup/vec4;
    %pushi/vec4 8, 0, 5;
    %cmp/u;
    %jmp/1 T_60.3, 6;
    %dup/vec4;
    %pushi/vec4 12, 0, 5;
    %cmp/u;
    %jmp/1 T_60.4, 6;
    %dup/vec4;
    %pushi/vec4 16, 0, 5;
    %cmp/u;
    %jmp/1 T_60.5, 6;
    %dup/vec4;
    %pushi/vec4 20, 0, 5;
    %cmp/u;
    %jmp/1 T_60.6, 6;
    %pushi/vec4 0, 0, 5;
    %store/vec4 v0x558b2c7677f0_0, 0, 5;
    %jmp T_60.8;
T_60.2 ;
    %pushi/vec4 1, 0, 5;
    %store/vec4 v0x558b2c7677f0_0, 0, 5;
    %jmp T_60.8;
T_60.3 ;
    %pushi/vec4 2, 0, 5;
    %store/vec4 v0x558b2c7677f0_0, 0, 5;
    %jmp T_60.8;
T_60.4 ;
    %pushi/vec4 4, 0, 5;
    %store/vec4 v0x558b2c7677f0_0, 0, 5;
    %jmp T_60.8;
T_60.5 ;
    %pushi/vec4 8, 0, 5;
    %store/vec4 v0x558b2c7677f0_0, 0, 5;
    %jmp T_60.8;
T_60.6 ;
    %pushi/vec4 16, 0, 5;
    %store/vec4 v0x558b2c7677f0_0, 0, 5;
    %jmp T_60.8;
T_60.8 ;
    %pop/vec4 1;
    %jmp T_60.1;
T_60.0 ;
    %pushi/vec4 0, 0, 5;
    %store/vec4 v0x558b2c7677f0_0, 0, 5;
T_60.1 ;
    %jmp T_60;
    .thread T_60, $push;
    .scope S_0x558b2c765010;
T_61 ;
    %wait E_0x558b2c59bce0;
    %load/vec4 v0x558b2c767680_0;
    %flag_set/vec4 8;
    %jmp/0xz  T_61.0, 8;
    %pushi/vec4 0, 0, 1;
    %store/vec4 v0x558b2c767510_0, 0, 1;
    %pushi/vec4 0, 0, 16;
    %store/vec4 v0x558b2c766ed0_0, 0, 16;
    %pushi/vec4 0, 0, 16;
    %store/vec4 v0x558b2c766fb0_0, 0, 16;
    %jmp T_61.1;
T_61.0 ;
    %load/vec4 v0x558b2c7671f0_0;
    %flag_set/vec4 9;
    %flag_get/vec4 9;
    %jmp/0 T_61.4, 9;
    %load/vec4 v0x558b2c767890_0;
    %and;
T_61.4;
    %flag_set/vec4 8;
    %jmp/0xz  T_61.2, 8;
    %load/vec4 v0x558b2c7677f0_0;
    %parti/s 1, 0, 2;
    %flag_set/vec4 8;
    %jmp/0 T_61.5, 8;
    %load/vec4 v0x558b2c7672b0_0;
    %jmp/1 T_61.6, 8;
T_61.5 ; End of true expr.
    %load/vec4 v0x558b2c766ed0_0;
    %jmp/0 T_61.6, 8;
 ; End of false expr.
    %blend;
T_61.6;
    %store/vec4 v0x558b2c766ed0_0, 0, 16;
    %load/vec4 v0x558b2c7677f0_0;
    %parti/s 1, 1, 2;
    %flag_set/vec4 8;
    %jmp/0 T_61.7, 8;
    %load/vec4 v0x558b2c7672b0_0;
    %jmp/1 T_61.8, 8;
T_61.7 ; End of true expr.
    %load/vec4 v0x558b2c766fb0_0;
    %jmp/0 T_61.8, 8;
 ; End of false expr.
    %blend;
T_61.8;
    %store/vec4 v0x558b2c766fb0_0, 0, 16;
    %load/vec4 v0x558b2c7677f0_0;
    %parti/s 1, 2, 3;
    %flag_set/vec4 8;
    %jmp/0 T_61.9, 8;
    %load/vec4 v0x558b2c7672b0_0;
    %parti/s 1, 0, 2;
    %jmp/1 T_61.10, 8;
T_61.9 ; End of true expr.
    %load/vec4 v0x558b2c767510_0;
    %jmp/0 T_61.10, 8;
 ; End of false expr.
    %blend;
T_61.10;
    %store/vec4 v0x558b2c767510_0, 0, 1;
T_61.2 ;
T_61.1 ;
    %jmp T_61;
    .thread T_61;
    .scope S_0x558b2c765010;
T_62 ;
    %wait E_0x558b2c59bce0;
    %load/vec4 v0x558b2c767680_0;
    %flag_set/vec4 8;
    %jmp/0xz  T_62.0, 8;
    %pushi/vec4 0, 0, 32;
    %store/vec4 v0x558b2c767390_0, 0, 32;
    %jmp T_62.1;
T_62.0 ;
    %load/vec4 v0x558b2c7671f0_0;
    %flag_set/vec4 8;
    %jmp/0xz  T_62.2, 8;
    %load/vec4 v0x558b2c7677f0_0;
    %dup/vec4;
    %pushi/vec4 8, 0, 5;
    %cmp/u;
    %jmp/1 T_62.4, 6;
    %dup/vec4;
    %pushi/vec4 16, 0, 5;
    %cmp/u;
    %jmp/1 T_62.5, 6;
    %jmp T_62.6;
T_62.4 ;
    %load/vec4 v0x558b2c767720_0;
    %store/vec4 v0x558b2c767390_0, 0, 32;
    %jmp T_62.6;
T_62.5 ;
    %pushi/vec4 0, 0, 31;
    %load/vec4 v0x558b2c767470_0;
    %concat/vec4; draw_concat_vec4
    %store/vec4 v0x558b2c767390_0, 0, 32;
    %jmp T_62.6;
T_62.6 ;
    %pop/vec4 1;
T_62.2 ;
T_62.1 ;
    %jmp T_62;
    .thread T_62;
    .scope S_0x558b2c704ae0;
T_63 ;
    %wait E_0x558b2c5d9e00;
    %load/vec4 v0x558b2c76b740_0;
    %parti/s 16, 16, 6;
    %dup/vec4;
    %pushi/vec4 64, 0, 16;
    %cmp/u;
    %jmp/1 T_63.0, 6;
    %dup/vec4;
    %pushi/vec4 65, 0, 16;
    %cmp/u;
    %jmp/1 T_63.1, 6;
    %dup/vec4;
    %pushi/vec4 66, 0, 16;
    %cmp/u;
    %jmp/1 T_63.2, 6;
    %dup/vec4;
    %pushi/vec4 67, 0, 16;
    %cmp/u;
    %jmp/1 T_63.3, 6;
    %dup/vec4;
    %pushi/vec4 68, 0, 16;
    %cmp/u;
    %jmp/1 T_63.4, 6;
    %dup/vec4;
    %pushi/vec4 69, 0, 16;
    %cmp/u;
    %jmp/1 T_63.5, 6;
    %dup/vec4;
    %pushi/vec4 70, 0, 16;
    %cmp/u;
    %jmp/1 T_63.6, 6;
    %dup/vec4;
    %pushi/vec4 0, 0, 16;
    %cmp/u;
    %jmp/1 T_63.7, 6;
    %pushi/vec4 1, 0, 8;
    %store/vec4 v0x558b2c76b5a0_0, 0, 8;
    %jmp T_63.9;
T_63.0 ;
    %pushi/vec4 32, 0, 8;
    %store/vec4 v0x558b2c76b5a0_0, 0, 8;
    %jmp T_63.9;
T_63.1 ;
    %pushi/vec4 16, 0, 8;
    %store/vec4 v0x558b2c76b5a0_0, 0, 8;
    %jmp T_63.9;
T_63.2 ;
    %pushi/vec4 8, 0, 8;
    %store/vec4 v0x558b2c76b5a0_0, 0, 8;
    %jmp T_63.9;
T_63.3 ;
    %pushi/vec4 4, 0, 8;
    %store/vec4 v0x558b2c76b5a0_0, 0, 8;
    %jmp T_63.9;
T_63.4 ;
    %pushi/vec4 2, 0, 8;
    %store/vec4 v0x558b2c76b5a0_0, 0, 8;
    %jmp T_63.9;
T_63.5 ;
    %pushi/vec4 64, 0, 8;
    %store/vec4 v0x558b2c76b5a0_0, 0, 8;
    %jmp T_63.9;
T_63.6 ;
    %pushi/vec4 128, 0, 8;
    %store/vec4 v0x558b2c76b5a0_0, 0, 8;
    %jmp T_63.9;
T_63.7 ;
    %pushi/vec4 1, 0, 8;
    %store/vec4 v0x558b2c76b5a0_0, 0, 8;
    %jmp T_63.9;
T_63.9 ;
    %pop/vec4 1;
    %jmp T_63;
    .thread T_63, $push;
    .scope S_0x558b2c704ae0;
T_64 ;
    %wait E_0x558b2c5d8540;
    %load/vec4 v0x558b2c76b5a0_0;
    %dup/vec4;
    %pushi/vec4 128, 0, 8;
    %cmp/u;
    %jmp/1 T_64.0, 6;
    %dup/vec4;
    %pushi/vec4 32, 0, 8;
    %cmp/u;
    %jmp/1 T_64.1, 6;
    %dup/vec4;
    %pushi/vec4 16, 0, 8;
    %cmp/u;
    %jmp/1 T_64.2, 6;
    %dup/vec4;
    %pushi/vec4 8, 0, 8;
    %cmp/u;
    %jmp/1 T_64.3, 6;
    %dup/vec4;
    %pushi/vec4 4, 0, 8;
    %cmp/u;
    %jmp/1 T_64.4, 6;
    %dup/vec4;
    %pushi/vec4 2, 0, 8;
    %cmp/u;
    %jmp/1 T_64.5, 6;
    %dup/vec4;
    %pushi/vec4 1, 0, 8;
    %cmp/u;
    %jmp/1 T_64.6, 6;
    %load/vec4 v0x558b2c76ae60_0;
    %store/vec4 v0x558b2c76b800_0, 0, 32;
    %jmp T_64.8;
T_64.0 ;
    %load/vec4 v0x558b2c76b3a0_0;
    %store/vec4 v0x558b2c76b800_0, 0, 32;
    %jmp T_64.8;
T_64.1 ;
    %load/vec4 v0x558b2c76bee0_0;
    %store/vec4 v0x558b2c76b800_0, 0, 32;
    %jmp T_64.8;
T_64.2 ;
    %load/vec4 v0x558b2c76bd50_0;
    %store/vec4 v0x558b2c76b800_0, 0, 32;
    %jmp T_64.8;
T_64.3 ;
    %load/vec4 v0x558b2c76bdf0_0;
    %store/vec4 v0x558b2c76b800_0, 0, 32;
    %jmp T_64.8;
T_64.4 ;
    %load/vec4 v0x558b2c76b660_0;
    %store/vec4 v0x558b2c76b800_0, 0, 32;
    %jmp T_64.8;
T_64.5 ;
    %load/vec4 v0x558b2c76b460_0;
    %store/vec4 v0x558b2c76b800_0, 0, 32;
    %jmp T_64.8;
T_64.6 ;
    %load/vec4 v0x558b2c76ae60_0;
    %store/vec4 v0x558b2c76b800_0, 0, 32;
    %jmp T_64.8;
T_64.8 ;
    %pop/vec4 1;
    %jmp T_64;
    .thread T_64, $push;
    .scope S_0x558b2c704ae0;
T_65 ;
    %wait E_0x558b2c59bce0;
    %load/vec4 v0x558b2c76b5a0_0;
    %parti/s 1, 5, 4;
    %load/vec4 v0x558b2c76bfb0_0;
    %and;
    %flag_set/vec4 8;
    %jmp/0xz  T_65.0, 8;
    %vpi_call 3 147 "$write", "%c", &PV<v0x558b2c76b960_0, 0, 8> {0 0 0};
    %vpi_call 3 148 "$fflush", 32'b10000000000000000000000000000001 {0 0 0};
T_65.0 ;
    %jmp T_65;
    .thread T_65;
    .scope S_0x558b2c6f5f90;
T_66 ;
    %pushi/vec4 0, 0, 1;
    %store/vec4 v0x558b2c76c3b0_0, 0, 1;
    %pushi/vec4 0, 0, 5;
    %store/vec4 v0x558b2c76c5e0_0, 0, 5;
    %end;
    .thread T_66;
    .scope S_0x558b2c6f5f90;
T_67 ;
    %pushi/vec4 0, 0, 1;
    %assign/vec4 v0x558b2c76c190_0, 0;
    %end;
    .thread T_67;
    .scope S_0x558b2c6f5f90;
T_68 ;
    %delay 20000, 0;
    %load/vec4 v0x558b2c76c190_0;
    %inv;
    %assign/vec4 v0x558b2c76c190_0, 0;
    %jmp T_68;
    .thread T_68;
    .scope S_0x558b2c6f5f90;
T_69 ;
    %load/vec4 v0x558b2c76c250_0;
    %pad/u 5;
    %load/vec4 v0x558b2c76c5e0_0;
    %cmp/ne;
    %jmp/0xz  T_69.0, 4;
    %vpi_call 2 60 "$display", "LEDS = %b", v0x558b2c76c250_0 {0 0 0};
T_69.0 ;
    %load/vec4 v0x558b2c76c250_0;
    %pad/u 5;
    %assign/vec4 v0x558b2c76c5e0_0, 0;
    %end;
    .thread T_69;
    .scope S_0x558b2c6f5f90;
T_70 ;
    %vpi_call 2 70 "$dumpfile", "bench.vcd" {0 0 0};
    %vpi_call 2 71 "$dumpvars", 32'sb00000000000000000000000000000000, S_0x558b2c6f5f90 {0 0 0};
    %pushi/vec4 0, 0, 32;
    %store/vec4 v0x558b2c76c540_0, 0, 32;
T_70.0 ;
    %load/vec4 v0x558b2c76c540_0;
    %cmpi/s 32, 0, 32;
    %jmp/0xz T_70.1, 5;
    %vpi_call 2 73 "$dumpvars", 32'sb00000000000000000000000000000000, &A<v0x558b2c751ac0, v0x558b2c76c540_0 > {0 0 0};
    %load/vec4 v0x558b2c76c540_0;
    %addi 1, 0, 32;
    %store/vec4 v0x558b2c76c540_0, 0, 32;
    %jmp T_70.0;
T_70.1 ;
    %pushi/vec4 1020, 0, 32;
    %store/vec4 v0x558b2c76c540_0, 0, 32;
T_70.2 ;
    %load/vec4 v0x558b2c76c540_0;
    %cmpi/s 1025, 0, 32;
    %jmp/0xz T_70.3, 5;
    %vpi_call 2 74 "$dumpvars", 32'sb00000000000000000000000000000000, &A<v0x558b2c752260, v0x558b2c76c540_0 > {0 0 0};
    %load/vec4 v0x558b2c76c540_0;
    %addi 1, 0, 32;
    %store/vec4 v0x558b2c76c540_0, 0, 32;
    %jmp T_70.2;
T_70.3 ;
    %delay 0, 0;
    %pushi/vec4 1, 0, 1;
    %store/vec4 v0x558b2c76c3b0_0, 0, 1;
    %delay 0, 0;
    %pushi/vec4 0, 0, 1;
    %store/vec4 v0x558b2c76c310_0, 0, 1;
    %delay 80000, 0;
    %pushi/vec4 0, 0, 1;
    %store/vec4 v0x558b2c76c310_0, 0, 1;
    %delay 160000, 0;
    %pushi/vec4 1, 0, 1;
    %store/vec4 v0x558b2c76c310_0, 0, 1;
    %wait E_0x558b2c59bce0;
    %delay 2400000000, 0;
    %pushi/vec4 48, 0, 8;
    %store/vec4 v0x558b2c721c70_0, 0, 8;
    %fork TD_bench.UART_WRITE_BYTE, S_0x558b2c6fc200;
    %join;
    %delay 60000000, 0;
    %pushi/vec4 48, 0, 8;
    %store/vec4 v0x558b2c721c70_0, 0, 8;
    %fork TD_bench.UART_WRITE_BYTE, S_0x558b2c6fc200;
    %join;
    %delay 60000000, 0;
    %pushi/vec4 54, 0, 8;
    %store/vec4 v0x558b2c721c70_0, 0, 8;
    %fork TD_bench.UART_WRITE_BYTE, S_0x558b2c6fc200;
    %join;
    %delay 60000000, 0;
    %pushi/vec4 55, 0, 8;
    %store/vec4 v0x558b2c721c70_0, 0, 8;
    %fork TD_bench.UART_WRITE_BYTE, S_0x558b2c6fc200;
    %join;
    %delay 60000000, 0;
    %pushi/vec4 10, 0, 8;
    %store/vec4 v0x558b2c721c70_0, 0, 8;
    %fork TD_bench.UART_WRITE_BYTE, S_0x558b2c6fc200;
    %join;
    %delay 3600000000, 0;
    %pushi/vec4 57, 0, 8;
    %store/vec4 v0x558b2c721c70_0, 0, 8;
    %fork TD_bench.UART_WRITE_BYTE, S_0x558b2c6fc200;
    %join;
    %delay 60000000, 0;
    %pushi/vec4 10, 0, 8;
    %store/vec4 v0x558b2c721c70_0, 0, 8;
    %fork TD_bench.UART_WRITE_BYTE, S_0x558b2c6fc200;
    %join;
    %delay 100000000, 0;
    %delay 3600000000, 0;
    %pushi/vec4 48, 0, 8;
    %store/vec4 v0x558b2c721c70_0, 0, 8;
    %fork TD_bench.UART_WRITE_BYTE, S_0x558b2c6fc200;
    %join;
    %delay 60000000, 0;
    %pushi/vec4 48, 0, 8;
    %store/vec4 v0x558b2c721c70_0, 0, 8;
    %fork TD_bench.UART_WRITE_BYTE, S_0x558b2c6fc200;
    %join;
    %delay 60000000, 0;
    %pushi/vec4 57, 0, 8;
    %store/vec4 v0x558b2c721c70_0, 0, 8;
    %fork TD_bench.UART_WRITE_BYTE, S_0x558b2c6fc200;
    %join;
    %delay 60000000, 0;
    %pushi/vec4 55, 0, 8;
    %store/vec4 v0x558b2c721c70_0, 0, 8;
    %fork TD_bench.UART_WRITE_BYTE, S_0x558b2c6fc200;
    %join;
    %delay 60000000, 0;
    %pushi/vec4 10, 0, 8;
    %store/vec4 v0x558b2c721c70_0, 0, 8;
    %fork TD_bench.UART_WRITE_BYTE, S_0x558b2c6fc200;
    %join;
    %delay 3600000000, 0;
    %pushi/vec4 53, 0, 8;
    %store/vec4 v0x558b2c721c70_0, 0, 8;
    %fork TD_bench.UART_WRITE_BYTE, S_0x558b2c6fc200;
    %join;
    %delay 60000000, 0;
    %pushi/vec4 10, 0, 8;
    %store/vec4 v0x558b2c721c70_0, 0, 8;
    %fork TD_bench.UART_WRITE_BYTE, S_0x558b2c6fc200;
    %join;
    %delay 100000000, 0;
    %wait E_0x558b2c59bce0;
    %delay 1640261632, 8;
    %vpi_call 2 128 "$finish" {0 0 0};
    %end;
    .thread T_70;
# The file index is used to find the file name in the following table.
:file_names 21;
    "N/A";
    "<interactive>";
    "bench_quark.v";
    "SOC.v";
    "cores/cpu/femtorv32_quark_V2.v";
    "cores/bram/bram.v";
    "cores/bcd2bin/perip_bcd2bin.v";
    "cores/bcd2bin/bcd2bin.v";
    "cores/bin2bcd/add_sub_c2.v";
    "cores/bin2bcd/ctrl_b2b.v";
    "cores/bin2bcd/count.v";
    "cores/bin2bcd/mux2.v";
    "cores/bin2bcd/reg_msb.v";
    "cores/bcd2bin/rsr4.v";
    "cores/bin2bcd/perip_bin2bcd.v";
    "cores/bin2bcd/bin2bcd.v";
    "cores/bin2bcd/lsr4.v";
    "cores/test/perip_test.v";
    "cores/test/multo/mult.v";
    "cores/uart/perip_uart.v";
    "cores/uart/uart.v";
